,,,,Date,,,,,,,,,,,,,,,,,
,,,,Adoption,,,,,,,,,,,,,,,,,
Trm,Dept/Course,Section,Professor,Received,Author,Title,ISBN,,,,,,,,,,,,,,
F19,AFRI 0980,S01,"Ayobade, Oladotun B",4/16/2019,OLANIYAN,ARREST THE MUSIC!:FELA+HIS REBEL ART...,978-0-253-21718-9,,,,,,,,,,,,,,
F19,AFRI 0980,S01,"Ayobade, Oladotun B",4/16/2019,VEAL,FELA:LIFE+TIMES OF AFRICAN MUSICAL ICON,978-1-5663976-5-0,,,,,,,,,,,,,,
F19,AFRI 0980,S01,"Ayobade, Oladotun B",4/16/2019,SCHOONMAKER,FELA:FROM WEST AFRICA TO WEST BROADWAY,978-1-4039621-0-2,,,,,,,,,,,,,,
F19,AFRI 1210,S01,"Dzidzienyo, Anani",4/18/2019,SKIDMORE,BLACK INTO WHITE,978-0-8223-1320-5,,,,,,,,,,,,,,
F19,AFRI 1210,S01,"Dzidzienyo, Anani",4/18/2019,DAVILA,DIPLOMA OF WHITENESS,978-0-8223-3070-7,,,,,,,,,,,,,,
F19,AFRI 1210,S01,"Dzidzienyo, Anani",4/18/2019,BUTLER,"FREEDOMS GIVEN,FREEDOMS WON",978-0-8135-2504-4,,,,,,,,,,,,,,
F19,AFRI 1210,S01,"Dzidzienyo, Anani",4/18/2019,REIS,SLAVE REBELLION IN BRAZIL,978-0-8018-5250-3,,,,,,,,,,,,,,
F19,AFRI 1210,S01,"Dzidzienyo, Anani",4/18/2019,CALDWELL,NEGRAS IN BRAZIL,978-0-8135-3957-7,,,,,,,,,,,,,,
F19,AFRI 1210,S01,"Dzidzienyo, Anani",4/18/2019,NASCIMENTO,BRAZIL:MIXTURE OR MASSACRE?,978-0-912469-26-3,,,,,,,,,,,,,,
F19,AFRI 1210,S01,"Dzidzienyo, Anani",4/18/2019,SMITH,AFRO-PARADISE,978-0-252-08144-6,,,,,,,,,,,,,,
F19,AFRI 1210,S01,"Dzidzienyo, Anani",4/18/2019,HARDING,REFUGE IN THUNDER,978-0-253-21610-6,,,,,,,,,,,,,,
F19,AMST 2520,S01,"Alvarado, Leticia",4/15/2019,BURGETT,KEYWORDS FOR AMERICAN CULTURAL STUDIES,978-0-8147-0801-9,,,,,,,,,,,,,,
F19,AMST 2650,S01,"Martinez, Monica M.",4/15/2019,TROUILLOT,SILENCING THE PAST (20TH ANNIV.ED.),978-0-8070-8053-5,,,,,,,,,,,,,,
F19,AMST 2650,S01,"Martinez, Monica M.",4/15/2019,FREIRE,PEDAGOGY OF THE OPPRESSED,978-0-8264-1276-8,,,,,,,,,,,,,,
F19,AMST 2650,S01,"Martinez, Monica M.",4/15/2019,DOSS,MEMORIAL MANIA,978-0-226-15941-6,,,,,,,,,,,,,,
F19,AMST 2650,S01,"Martinez, Monica M.",4/15/2019,LONETREE,DECOLONIZING MUSEUMS,978-0-8078-3715-3,,,,,,,,,,,,,,
F19,AMST 2650,S01,"Martinez, Monica M.",4/15/2019,LUBAR,INSIDE THE LOST MUSEUM,978-0-674-97104-2,,,,,,,,,,,,,,
F19,AMST 2650,S01,"Martinez, Monica M.",4/15/2019,MILES,TIES THAT BIND,978-0-520-28563-7,,,,,,,,,,,,,,
F19,AMST 2650,S01,"Martinez, Monica M.",4/15/2019,TIYA MILES,TIES THAT BIND,978-0-520-96102-9,,,,,,,,,,,,,,
F19,AMST 1905O,S01,"Martinez, Monica M.",4/15/2019,HARTMAN,LOSE YOUR MOTHER,978-0-374-53115-7,,,,,,,,,,,,,,
F19,AMST 1905O,S01,"Martinez, Monica M.",4/15/2019,SAIDIYA HARTMA,LOSE YOUR MOTHER,978-1-4299669-0-0,,,,,,,,,,,,,,
F19,AMST 1905O,S01,"Martinez, Monica M.",4/15/2019,PAIK,RIGHTLESSNESS,978-1-4696263-1-4,,,,,,,,,,,,,,
F19,AMST 1905O,S01,"Martinez, Monica M.",4/15/2019,CAMACHO,MIGRANT IMAGINARIES,978-0-8147-1649-6,,,,,,,,,,,,,,
F19,AMST 1905O,S01,"Martinez, Monica M.",4/15/2019,ALICIA SCHMIDT,MIGRANT IMAGINARIES,978-0-8147-1734-9,,,,,,,,,,,,,,
F19,AMST 1905O,S01,"Martinez, Monica M.",4/15/2019,BELEW,BRING THE WAR HOME - THE WHITE POWER MO,978-0-674-23769-8,,,,,,,,,,,,,,
F19,AMST 2020E,S01,"Frank, Caroline B.",4/10/2019,DESMOND,EVICTED,978-0-553-44745-3,,,,,,,,,,,,,,
F19,AMST 2020E,S01,"Frank, Caroline B.",4/10/2019,SPADE,NORMAL LIFE (REVISED+EXPANDED EDITION),978-0-8223-6040-7,,,,,,,,,,,,,,
F19,AMST 2020E,S01,"Frank, Caroline B.",4/10/2019,TANG,UNSETTLED:CAMBODIAN REFUGEES IN...,978-1-4399116-5-5,,,,,,,,,,,,,,
F19,AMST 2020E,S01,"Frank, Caroline B.",4/10/2019,MITCHELL,LIVING WITH LYNCHING,978-0-252-07880-4,,,,,,,,,,,,,,
F19,AMST 2020E,S01,"Frank, Caroline B.",4/11/2019,MARTINEZ,INJUSTICE NEVER LEAVES YOU,978-0-674-97643-6,,,,,,,,,,,,,,
F19,AMST 2020E,S01,"Frank, Caroline B.",4/11/2019,FUENTES,DISPOSSESSED LIVES,978-0-8122-2418-4,,,,,,,,,,,,,,
F19,AMST 2020E,S01,"Frank, Caroline B.",4/14/2019,MAGHBOULEH,LIMITS OF WHITENESS,978-1-5036033-7-0,,,,,,,,,,,,,,
F19,ANTH 1253,S01,"Fruzzetti, Lina M.",4/11/2019,HAMID,OTHERNESS AND THE MEDIA,978-1-1386995-0-2,,,,,,,,,,,,,,
F19,ANTH 1253,S01,"Fruzzetti, Lina M.",4/11/2019,BARNARD,HISTORY+THEORY IN ANTHROPOLOGY,978-0-521-77432-1,,,,,,,,,,,,,,
F19,ANTH 1253,S01,"Fruzzetti, Lina M.",4/11/2019,CARRITHERS,WHY HUMANS HAVE CULTURES,978-0-19-289211-9,,,,,,,,,,,,,,
F19,ANTH 1253,S01,"Fruzzetti, Lina M.",4/11/2019,GRIMSHAW,ETHNOGRAPHER'S EYE,978-0-521-77475-8,,,,,,,,,,,,,,
F19,ANTH 1253,S01,"Fruzzetti, Lina M.",4/11/2019,LOIZOS,INNOVATION IN ETHNOGRAPHIC FILM,978-0-226-49227-8,,,,,,,,,,,,,,
F19,ANTH 1253,S01,"Fruzzetti, Lina M.",4/11/2019,ROSEN,"CHANGE MUMMIFIED:CINEMA,HISTORICITY,...",978-0-8166-3638-9,,,,,,,,,,,,,,
F19,APMA 0340,S01,"Dobrushkin, Vladimir",4/1/2019,DOBRUSHKIN,APPLIED DIFFERENTIAL EQUATIONS,978-1-4398510-4-3,,,,,,,,,,,,,,
F19,APMA 0360,S01,"Maxey, Martin R.",4/1/2019,LOGAN,APPLIED PARTIAL DIFFERENTIAL EQUATIONS,978-3-3191249-2-6,,,,,,,,,,,,,,
F19,APMA 1160,S01,"Darbon, Jerome B",4/1/2019,BOYD,CONVEX OPTIMIZATION,978-0-521-83378-3,,,,,,,,,,,,,,
F19,APMA 1170,S01,"Shin, Yeonjong",4/11/2019,TREFETHEN,NUMERICAL LINEAR ALGEBRA,978-0-89871-361-9,,,,,,,,,,,,,,
F19,APMA 1170,S01,"Shin, Yeonjong",4/14/2019,STRANG,INTRO.TO LINEAR ALGEBRA (CLOTH),978-0-9802327-1-4,,,,,,,,,,,,,,
F19,APMA 1170,S01,"Shin, Yeonjong",4/17/2019,STRANG,INTRO.TO LINEAR ALGEBRA (CLOTH),978-0-9802327-7-6,,,,,,,,,,,,,,
F19,APMA 1650,S01,"Klivans, Caroline J.",4/1/2019,WACKERLY,MATH.STATISTICS W/APPL.,978-0-495-11081-1,,,,,,,,,,,,,,
F19,APMA 1655,S01,"Wang, Hui",4/1/2019,WACKERLY,MATH.STATISTICS W/APPL.,978-0-495-11081-1,,,,,,,,,,,,,,
F19,APMA 1710,S01,"Menon, Govind",4/1/2019,COVER,ELEMENTS OF INFORMATION THEORY (CL),978-0-471-24195-9,,,,,,,,,,,,,,
F19,APMA 2550,S01,"Shu, Chi-Wang",4/16/2019,GUSTAFSSON,TIME-DEPENDENT PROB.+DIFFERENCE METHODS,978-0-470-90056-7,,,,,,,,,,,,,,
F19,ARCH 0530,S01,"Van Dommelen, Peter",4/22/2019,MILES,CARTHAGE MUST BE DESTROYED,978-0-14-312129-9,,,,,,,,,,,,,,
F19,BHBR 0100,S01,,4/23/2019,HACKETT,BASIC INTRO.TO BIBLICAL HEBREW-W/CD,978-1-5985602-8-2,,,,,,,,,,,,,,
F19,BHBR 0100,S01,,4/23/2019,ELLIGER,BIBLIA HEBRAICA STUTTGUARTENSIA,978-1-5985616-3-0,,,,,,,,,,,,,,
F19,BHBR 0100,S01,,4/23/2019,BROWN,BROWN-DRIVER-BRIGGS HEBREW+ENGLISH LEX.,978-1-5656320-6-6,,,,,,,,,,,,,,
F19,BHBR 0100,S01,,4/23/2019,HOLLADAY,CONCISE HEBREW+ARAMAIC LEX.OF OLD TEST.,978-0-8028-3413-3,,,,,,,,,,,,,,
F19,BIOL 0100,S01,"Smith, Katherine F.",4/10/2019,LIGHT,MAKING MOST OF COLLEGE,978-0-674-01359-9,,,,,,,,,,,,,,
F19,BIOL 0100,S01,"Smith, Katherine F.",4/10/2019,QUAMMEN,SPILLOVER,978-0-393-34661-9,,,,,,,,,,,,,,
F19,BIOL 0100,S01,"Smith, Katherine F.",4/10/2019,SKLOOT,IMMORTAL LIFE OF HENRIETTA LACKS,978-1-4000521-8-9,,,,,,,,,,,,,,
F19,BIOL 0380,S01,"Weinreich, Daniel M.",4/10/2019,QUAMMEN,SPILLOVER,978-0-393-34661-9,,,,,,,,,,,,,,
F19,BIOL 0470,S01,"Johnson, Mark A.",4/22/2019,GRIFFITHS,INTRO.TO GENETIC ANALYSIS,978-1-4641094-8-5,,,,,,,,,,,,,,
F19,BIOL 0470,S01,"Johnson, Mark A.",4/22/2019,ANTHONY J.F. G,AN INTRODUCTION TO GENETIC ANALYSIS,978-1-3191163-8-5,,,,,,,,,,,,,,
F19,BIOL 0800,S01,"Stein, John J.",4/22/2019,WIDMAIER,VANDER'S HUMAN PHYSIOLOGY,978-1-2592940-9-9,,,,,,,,,,,,,,
F19,BIOL 0800,S01,"Stein, John J.",4/22/2019,WIDMAIER,VANDER'S HUMAN PHYSIOLOGY,978-1-2596131-1-1,,,,,,,,,,,,,,
F19,BIOL 1050,S01,"Miller, Kenneth Raym",4/12/2019,ALBERTS,MOLECULAR BIOLOGY OF CELL,978-0-8153-4432-2,,,,,,,,,,,,,,
F19,BIOL 1050,S01,"Miller, Kenneth Raym",4/12/2019,"BRUCE ALBERTS,",MOLECULAR BIOLOGY OF THE CELL,978-1-3175637-5-4,,,,,,,,,,,,,,
F19,BIOL 1160,S01,"Hai, Chi-Ming",4/16/2019,MCARDLE,EXERCISE PHYSIOLOGY,978-1-4511915-5-4,,,,,,,,,,,,,,
F19,BIOL 1465,S01,"Huerta-Sanchez, Emil",4/11/2019,JOBLING,HUMAN EVOLUTIONARY GENETICS,978-0-8153-4148-2,,,,,,,,,,,,,,
F19,BIOL 1565,S01,"Sarkar, Neil",4/11/2019,SHORTLIFFE,BIOMEDICAL INFORMATICS,978-1-4471447-3-1,,,,,,,,,,,,,,
F19,BIOL 2050,S01,"Miller, Kenneth Raym",4/12/2019,ALBERTS,MOLECULAR BIOLOGY OF CELL,978-0-8153-4432-2,,,,,,,,,,,,,,
F19,BIOL 2050,S01,"Miller, Kenneth Raym",4/12/2019,"BRUCE ALBERTS,",MOLECULAR BIOLOGY OF THE CELL,978-1-3175637-5-4,,,,,,,,,,,,,,
F19,BIOL 0190P,S01,"Helfand, Stephen L.",4/15/2019,DESMOND,DARWIN:LIFE OF A TORMENTED EVOLUTIONIST,978-0-393-31150-1,,,,,,,,,,,,,,
F19,BIOL 0190P,S01,"Helfand, Stephen L.",4/15/2019,GOULD,MISMEASURE OF MAN-EXPANDED,978-0-393-31425-0,,,,,,,,,,,,,,
F19,BIOL 0190P,S01,"Helfand, Stephen L.",4/15/2019,DARWIN,ON THE ORIGIN OF SPECIES,978-0-674-63752-8,,,,,,,,,,,,,,
F19,BIOL 0940B,S01,"Jackson, Donald C.",4/10/2019,JACKSON,LIFE IN A SHELL,978-0-674-07230-5,,,,,,,,,,,,,,
F19,CLAS 0765,S01,"Eccleston, Sasha-Mae",3/25/2019,APULEIUS,GOLDEN ASS,978-0-300-19814-0,,,,,,,,,,,,,,
F19,CLAS 0765,S01,"Eccleston, Sasha-Mae",3/25/2019,HOMER,ODYSSEY,978-0-14-026886-7,,,,,,,,,,,,,,
F19,CLAS 0765,S01,"Eccleston, Sasha-Mae",3/25/2019,EURIPIDES,WOMEN ON THE EDGE:4 PLAYS BY EURIPIDES,978-0-415-90774-3,,,,,,,,,,,,,,
F19,CLAS 0765,S01,"Eccleston, Sasha-Mae",3/25/2019,HESIOD,"THEOGONY,WORKS+DAYS,SHIELD",978-0-8018-7984-5,,,,,,,,,,,,,,
F19,CLAS 1205,S01,"Conant, Jonathan P.",4/1/2019,PROKOPIOS,SECRET HISTORY W/RELATED TEXTS,978-1-6038418-0-1,,,,,,,,,,,,,,
F19,CLAS 1205,S01,"Conant, Jonathan P.",4/1/2019,WARD-PERKINS,FALL OF ROME+END OF CIVILIZATION,978-0-19-280728-1,,,,,,,,,,,,,,
F19,CLAS 1205,S01,"Conant, Jonathan P.",4/1/2019,WICKHAM,INHERITANCE OF ROME,978-0-14-311742-1,,,,,,,,,,,,,,
,,,,,,,,,,,,,,,,,,,,,
,,,,,,,,,,,,,,,,,,,,,
,,,,,,,,,,,,,,,,,,,,,
,,,,,,,,,,,,,,,,,,,,,
,,,,,,,,,,,,,,,,,,,,,
,,,,,,,,,,,,,,,,,,,,,
F19,CLAS 1120G,S01,"Pucci, Joseph Michae",3/27/2019,ST.AUGUSTINE,CONFESSIONS,978-0-14-044114-7,,,,,,,,,,,,,,
F19,CLAS 1120G,S01,"Pucci, Joseph Michae",3/27/2019,CATULLUS,COMPLETE POEMS,978-0-19-953757-0,,,,,,,,,,,,,,
F19,CLAS 1120G,S01,"Pucci, Joseph Michae",3/27/2019,VENANTIUS,POEMS TO FRIENDS,978-1-6038418-6-3,,,,,,,,,,,,,,
F19,CLAS 1120G,S01,"Pucci, Joseph Michae",3/27/2019,HORACE,COMPLETE ODES+EPODES,978-0-14-044422-3,,,,,,,,,,,,,,
F19,CLAS 1120G,S01,"Pucci, Joseph Michae",3/27/2019,HILDEGARD,SYMPHONIA,978-0-8014-8547-3,,,,,,,,,,,,,,
F19,CLAS 1120G,S01,"Pucci, Joseph Michae",3/27/2019,LUCAN,CIVIL WAR (9540686),978-0-19-954068-6,,,,,,,,,,,,,,
F19,CLAS 1120G,S01,"Pucci, Joseph Michae",3/27/2019,MILLER,GREEK LYRIC,978-0-87220-291-7,,,,,,,,,,,,,,
F19,CLPS 0120,S01,"Carskadon, Mary A.",4/22/2019,CARTWRIGHT,TWENTY-FOUR HOUR MIND,978-0-19-989628-8,,,,,,,,,,,,,,
F19,CLPS 0120,S01,"Carskadon, Mary A.",4/22/2019,LOCKLEY,SLEEP:A VERY SHORT INTRODUCTION,978-0-19-958785-8,,,,,,,,,,,,,,
F19,CLPS 0120,S01,"Carskadon, Mary A.",4/22/2019,DEMENT,PROMISE OF SLEEP,978-0-440-50901-1,,,,,,,,,,,,,,
F19,CLPS 0120,S01,"Carskadon, Mary A.",4/22/2019,FLYGARE,WIDE AWAKE AND DREAMING,978-0-9883149-0-0,,,,,,,,,,,,,,
F19,CLPS 0701,S01,"Hayden, Brian C.",4/4/2019,SCHULTZ,THEORIES OF PERSONALITY,978-1-3056529-5-8,,,,,,,,,,,,,,
F19,CLPS 0900,S01,"Spoehr, Kathryn T.",4/11/2019,HOWELL,FUND.STATISTICS F/BEHAVIORAL SCIENCES,978-1-3056529-7-2,,,,,,,,,,,,,,
F19,CLPS 1370,S01,"AnderBois, Scott H",4/11/2019,BIRNER,INTRODUCTION TO PRAGMATICS,978-1-4051758-3-8,,,,,,,,,,,,,,
F19,CLPS 1370,S01,"AnderBois, Scott H",4/11/2019,BETTY J. BIRNE,INTRODUCTION TO PRAGMATICS,978-1-1183483-5-2,,,,,,,,,,,,,,
F19,CLPS 1890,S01,"Morgan, James L.",4/10/2019,DEGROOT,RESEARCH METHODS IN PSYCHOLINGUISTICS,978-1-1191098-5-3,,,,,,,,,,,,,,
F19,CLPS 1890,S01,"Morgan, James L.",4/10/2019,GORVINE,RESEARCH METHODS,978-0-19-020182-1,,,,,,,,,,,,,,
F19,CLPS 1900,S01,"Welch, Leslie",4/11/2019,PATTEN,UNDERSTANDING RESEARCH METHODS,978-0-415-79052-9,,,,,,,,,,,,,,
F19,CLPS 1900,S01,"Welch, Leslie",4/11/2019,RUSCIO,CRITICAL THINKING IN PSYCHOLOGY,978-0-534-63459-9,,,,,,,,,,,,,,
F19,CLPS 1900,S01,"Welch, Leslie",4/11/2019,FIELD,DISCOVERING STAT.USING IBM SPSS STAT.,978-1-5264365-6-6,,,,,,,,,,,,,,
F19,CLPS 0050A,S01,"Anderson, James A.",4/11/2019,ANDERSON,AFTER DIGITAL,978-0-19-935778-9,,,,,,,,,,,,,,
F19,CLPS 1580C,S01,"Welch, Leslie",4/11/2019,WARE,INFORMATION VISUALIZATION,978-0-12-381464-7,,,,,,,,,,,,,,
F19,COLT 0810H,S01,"Haynes, Kenneth",4/11/2019,MELVILLE,CONFIDENCE MAN (9554854),978-0-19-955485-0,,,,,,,,,,,,,,
F19,COLT 0810H,S01,"Haynes, Kenneth",4/11/2019,SHAKESPEARE,TIMON OF ATHENS,978-1-9034369-7-4,,,,,,,,,,,,,,
F19,COLT 0810H,S01,"Haynes, Kenneth",4/11/2019,GRASS,PLEBEIANS REHEARSE UPRISING,978-0-15-672050-2,,,,,,,,,,,,,,
F19,COLT 0810H,S01,"Haynes, Kenneth",4/11/2019,SLAVITT,MENANDER:GROUCH DESPERATELY SEEKING JU,978-0-8122-1652-3,,,,,,,,,,,,,,
F19,COLT 0810H,S01,"Haynes, Kenneth",4/11/2019,MOLIERE,MISANTHROPE+TARTUFFE,978-0-15-660517-5,,,,,,,,,,,,,,
F19,COLT 0810H,S01,"Haynes, Kenneth",4/11/2019,BRECHT,BRECHT COLLECTED PLAYS:FOUR,978-0-413-70470-2,,,,,,,,,,,,,,
F19,COLT 0811I,S01,"Ierulli, Molly",4/10/2019,KOSSMAN,GODS+MORTALS,978-0-19-513341-7,,,,,,,,,,,,,,
F19,COLT 0811I,S01,"Ierulli, Molly",4/10/2019,HESIOD,"HESIOD:(WORKS+DAYS,THOGONY,SHIELD...)",978-0-472-08161-5,,,,,,,,,,,,,,
F19,COLT 0811I,S01,"Ierulli, Molly",4/10/2019,OVID,METAMORPHOSES (9537372),978-0-19-953737-2,,,,,,,,,,,,,,
F19,COLT 0811I,S01,"Ierulli, Molly",4/10/2019,RENAULT,KING MUST DIE,978-0-394-75104-7,,,,,,,,,,,,,,
F19,COLT 0811I,S01,"Ierulli, Molly",4/10/2019,COLLINS,HUNGER GAMES (PAPERBACK),978-0-439-02352-8,,,,,,,,,,,,,,
F19,COLT 0811I,S01,"Ierulli, Molly",4/10/2019,EURIPIDES,EURIPIDES I (ED:GRENE),978-0-226-30880-7,,,,,,,,,,,,,,
F19,COLT 0811I,S01,"Ierulli, Molly",4/10/2019,SOPHOCLES,SOPHOCLES II:(ED.GRENE),978-0-226-31155-5,,,,,,,,,,,,,,
F19,COLT 0811I,S01,"Ierulli, Molly",4/10/2019,SHAW,PYGMALION,978-0-486-28222-0,,,,,,,,,,,,,,
F19,COLT 0811I,S01,"Ierulli, Molly",4/10/2019,GEORGE BERNARD,PYGMALION,978-0-486-11378-4,,,,,,,,,,,,,,
F19,COLT 1710C,S01,"Nakayasu, Sawako",4/5/2019,SCHULTE,THEORIES OF TRANSLATION,978-0-226-04871-0,,,,,,,,,,,,,,
F19,COLT 1710C,S01,"Nakayasu, Sawako",4/5/2019,KAZA,KITCHEN TABLE TRANSLATION,978-1-9425470-6-8,,,,,,,,,,,,,,
F19,COLT 1710C,S01,"Nakayasu, Sawako",4/5/2019,QUENEAU,EXERCISES IN STYLE,978-0-8112-2035-4,,,,,,,,,,,,,,
F19,COLT 1710C,S01,"Nakayasu, Sawako",4/5/2019,POLIZZOTTI,SYMPATHY FOR TRAITOR,978-0-262-03799-0,,,,,,,,,,,,,,
F19,COLT 1710C,S01,"Nakayasu, Sawako",4/5/2019,ALLEN,IN TRANSLATION,978-0-231-15969-2,,,,,,,,,,,,,,
F19,COLT 1710C,S01,"Nakayasu, Sawako",4/5/2019,ESTHER,IN TRANSLATION,978-0-231-53502-1,,,,,,,,,,,,,,
F19,COLT 1710C,S01,"Nakayasu, Sawako",4/5/2019,BRIGGS,THIS LITTLE ART,978-1-9106954-5-6,,,,,,,,,,,,,,
F19,COLT 1710C,S01,"Nakayasu, Sawako",4/5/2019,MOURE,SECESSION/INSECESSION,978-1-7716603-4-1,,,,,,,,,,,,,,
F19,COLT 1710C,S01,"Nakayasu, Sawako",4/5/2019,HOOVER,SONNET 56,978-1-9342541-2-7,,,,,,,,,,,,,,
F19,COLT 1710C,S01,"Nakayasu, Sawako",4/5/2019,PATTERSON,CHRONOLOGY,978-1-9464330-2-2,,,,,,,,,,,,,,
F19,COLT 1710C,S01,"Nakayasu, Sawako",4/5/2019,WALDROP,LAVISH ABSENCE,978-0-8195-6580-8,,,,,,,,,,,,,,
F19,COLT 1815L,S01,"Newman, Karen A.",4/11/2019,AUSTEN,PRIDE+PREJUDICE,978-0-14-143951-8,,,,,,,,,,,,,,
F19,COLT 1815L,S01,"Newman, Karen A.",4/11/2019,EUGENIDES,MARRIAGE PLOT,978-1-2500147-6-4,,,,,,,,,,,,,,
F19,COLT 1815L,S01,"Newman, Karen A.",4/11/2019,JEFFREY EUGENI,THE MARRIAGE PLOT,978-1-4299691-8-5,,,,,,,,,,,,,,
F19,COLT 1815L,S01,"Newman, Karen A.",4/11/2019,BRONTE,JANE EYRE,978-0-553-21140-5,,,,,,,,,,,,,,
F19,COLT 1815L,S01,"Newman, Karen A.",4/11/2019,DELAFAYETTE,PRINCESSE DE CLEVES (9539178),978-0-19-953917-8,,,,,,,,,,,,,,
F19,COLT 1815L,S01,"Newman, Karen A.",4/11/2019,FLAUBERT,MADAME BOVARY,978-0-14-310649-4,,,,,,,,,,,,,,
F19,COLT 1815L,S01,"Newman, Karen A.",4/11/2019,JAMES,PORTRAIT OF A LADY,978-0-14-144126-9,,,,,,,,,,,,,,
F19,COLT 1815L,S01,"Newman, Karen A.",4/11/2019,WHARTON,HOUSE OF MIRTH,978-0-14-018729-8,,,,,,,,,,,,,,
F19,COLT 1815L,S01,"Newman, Karen A.",4/11/2019,JONES,AMERICAN MARRIAGE,978-1-6162087-7-6,,,,,,,,,,,,,,
F19,CSCI 0330,S01,"Doeppner, Thomas W.",4/10/2019,BRYANT,COMPUTER SYSTEMS:PROGRAMMER'S PERSP.,978-0-13-409266-9,,,,,,,,,,,,,,
F19,CSCI 1410,S01,"Konidaris, George D",4/11/2019,RUSSELL,ARTIFICIAL INTELLIGENCE,978-0-13-604259-4,,,,,,,,,,,,,,
F19,CSCI 1450,S01,"Upfal, Eliezer",4/10/2019,BERTSEKAS,INTRODUCTION TO PROBABILITY,978-1-8865292-3-6,,,,,,,,,,,,,,
F19,CSCI 1470,S01,"Ritchie, Daniel C",4/11/2019,CHARNIAK,INTRODUCTION TO DEEP LEARNING,978-0-262-03951-2,,,,,,,,,,,,,,
F19,CSCI 1570,S01,"Klein, Philip",4/12/2019,DASGUPTA,ALGORITHMS,978-0-07-352340-8,,,,,,,,,,,,,,
F19,CSCI 1570,S01,"Klein, Philip",4/12/2019,DASGUPTA,ALGORITHMS,978-0-07-738849-2,,,,,,,,,,,,,,
F19,CSCI 1600,S01,"Reiss, Steven P.",4/10/2019,ALUR,PRINCIPLES OF CYBER-PHYSICAL SYSTEMS,978-0-262-02911-7,,,,,,,,,,,,,,
F19,CSCI 1870,S01,"Hurley, Deborah",4/11/2019,SANDEL,JUSTICE:WHAT'S THE RIGHT THING TO DO,978-0-374-53250-5,,,,,,,,,,,,,,
F19,CSCI 2470,S01,"Ritchie, Daniel C",4/11/2019,CHARNIAK,INTRODUCTION TO DEEP LEARNING,978-0-262-03951-2,,,,,,,,,,,,,,
F19,CSCI 2951F,S01,"Littman, Michael L.",4/11/2019,SUTTON,REINFORCEMENT LEARNING,978-0-262-03924-6,,,,,,,,,,,,,,
F19,ECON 0170,S01,"Poterack, Alex",4/10/2019,SYDSAETER,ESSENTIAL MATH.F/ECONOMIC ANALYSIS,978-1-2920746-1-0,,,,,,,,,,,,,,
F19,ECON 0710,S01,"Sciuto, Frank",4/11/2019,WARREN,FINANCIAL ACCOUNTING,978-1-3372721-2-4,,,,,,,,,,,,,,
F19,ECON 0710,S01,"Sciuto, Frank",4/11/2019,"WARREN, CARL S",FINANCIAL ACCOUNTING,978-1-3375155-0-4,,,,,,,,,,,,,,
F19,ECON 1110,S02,"Dal Bo, Pedro",4/19/2019,LANDSBURG,ARMCHAIR ECONOMIST-REVISED+UPDATED,978-1-4516517-3-7,,,,,,,,,,,,,,
F19,ECON 1110,S02,"Dal Bo, Pedro",4/19/2019,SERRANO,SHORT CRSE.IN INTERM.MICROECON.W/CALC.,978-1-1084391-9-0,,,,,,,,,,,,,,
F19,ECON 1130,S01,"Vohra, Rajiv",4/22/2019,SERRANO,SHORT CRSE.IN INTERM.MICROECON.W/CALC.,978-1-1084391-9-0,,,,,,,,,,,,,,
F19,ECON 1170,S01,"Serrano, Roberto",4/10/2019,FELDMAN,WELFARE ECONOMICS+SOC.CHOICE THRY.,978-0-387-29367-7,,,,,,,,,,,,,,
F19,ECON 1710,S01,"Kuo, Sylvia",4/11/2019,BODIE,INVESTMENTS,978-1-2592771-7-7,,,,,,,,,,,,,,
F19,ECON 1710,S01,"Kuo, Sylvia",4/11/2019,BODIE,INVESTMENTS,978-1-2593574-8-0,,,,,,,,,,,,,,
F19,ECON 1710,S02,"Kuo, Sylvia",4/11/2019,BODIE,INVESTMENTS,978-1-2592771-7-7,,,,,,,,,,,,,,
F19,ECON 1710,S02,"Kuo, Sylvia",4/11/2019,BODIE,INVESTMENTS,978-1-2593574-8-0,,,,,,,,,,,,,,
F19,ECON 2010,S01,"Poterack, Alex",4/10/2019,POLYA,HOW TO SOLVE IT,978-0-691-16407-6,,,,,,,,,,,,,,
F19,ECON 2010,S01,"Poterack, Alex",4/10/2019,SIMON,MATHEMATICS FOR ECONOMISTS,978-0-393-95733-4,,,,,,,,,,,,,,
F19,ECON 2010,S01,"Poterack, Alex",4/10/2019,OK,REAL ANALYSIS WITH ECONOMIC APPLICATION,978-0-691-11768-3,,,,,,,,,,,,,,
F19,ECON 2050,S01,"Vohra, Rajiv",4/22/2019,MAS-COLELL,MICROECONOMIC THEORY (CLOTH),978-0-19-507340-9,,,,,,,,,,,,,,
,,,,,,,,,,,,,,,,,,,,,
,,,,,,,,,,,,,,,,,,,,,
,,,,,,,,,,,,,,,,,,,,,
,,,,,,,,,,,,,,,,,,,,,
,,,,,,,,,,,,,,,,,,,,,
,,,,,,,,,,,,,,,,,,,,,
F19,ECON 2260,S01,"Knight, Brian G.",4/10/2019,PERSSON,POLITICAL ECONOMICS,978-0-262-66131-7,,,,,,,,,,,,,,
F19,EDUC 1110,S01,"Kraft, Matthew A.",4/16/2019,MOORE,INTRO.TO PRACTICE OF STATISTICS,978-1-3190133-8-7,,,,,,,,,,,,,,
F19,EDUC 1110,S01,"Kraft, Matthew A.",4/16/2019,DAVID S. MOORE,INTRODUCTION TO THE PRACTICE OF STATIST,"978-1-3190559-6-7
F19""",EDUC 1110,S02,"Kraft, Matthew A.",4/16/2019,MOORE,INTRO.TO PRACTICE OF STATISTICS,978-1-3190133-8-7,,,,,,,
F19,EDUC 1110,S02,"Kraft, Matthew A.",4/16/2019,DAVID S. MOORE,INTRODUCTION TO THE PRACTICE OF STATIST,"978-1-3190559-6-7
F19""",EDUC 1110,S03,"Kraft, Matthew A.",4/16/2019,MOORE,INTRO.TO PRACTICE OF STATISTICS,978-1-3190133-8-7,,,,,,,
F19,EDUC 1110,S03,"Kraft, Matthew A.",4/16/2019,DAVID S. MOORE,INTRODUCTION TO THE PRACTICE OF STATIST,"978-1-3190559-6-7
F19""",EDUC 2360,S01,"Papay, John P.",4/10/2019,MURNANE,METHODS MATTER,978-0-19-975386-4,,,,,,,
F19,EDUC 1760A,S01,"Levey Friedman, Hila",3/27/2019,BANET-WEISER,MOST BEAUTIFUL GIRL IN THE WORLD,978-0-520-21791-1,,,,,,,,,,,,,,
F19,EDUC 1760A,S01,"Levey Friedman, Hila",3/27/2019,SHINDLE,BEING MISS AMERICA,978-0-292-73921-5,,,,,,,,,,,,,,
F19,EDUC 1760A,S01,"Levey Friedman, Hila",3/27/2019,TICE,QUEENS OF ACADEME,978-0-19-984280-3,,,,,,,,,,,,,,
F19,EINT 2200,S01,"Leuchak, Mary R.",3/6/2019,GRANT,WELL SAID W/ 4 CD'S 4TH EDITION,978-1-3372107-9-9,,,,,,,,,,,,,,
F19,EINT 2300,S01,"Gourlay, Barbara",3/6/2019,DAUER,ACCURATE ENGLISH,978-0-13-007253-5,,,,,,,,,,,,,,
F19,EINT 2400,S01,"Leuchak, Mary R.",3/6/2019,SARKISIAN,TEACHING AMERICAN STUDENTS,978-0-674-02141-9,,,,,,,,,,,,,,
F19,EINT 2400,S02,"Leuchak, Mary R.",3/6/2019,SARKISIAN,TEACHING AMERICAN STUDENTS,978-0-674-02141-9,,,,,,,,,,,,,,
F19,EINT 2500,S01,"Gourlay, Barbara",4/2/2019,COOK,AMERICAN ACCENT TRAINING-W/ACCESS,978-1-4380103-5-9,,,,,,,,,,,,,,
F19,EINT 2500,S02,"Leuchak, Mary R.",3/6/2019,COOK,AMERICAN ACCENT TRAINING-W/ACCESS,978-1-4380103-5-9,,,,,,,,,,,,,,
F19,ENGL 0100A,S01,"Rabb, Melinda Allike",4/11/2019,MASON,WESTERN WIND:INTRO.TO POETRY,978-0-07-281959-5,,,,,,,,,,,,,,
F19,ENGL 0100A,S01,"Rabb, Melinda Allike",4/11/2019,FERGUSON,NORTON ANTHOLOGY OF POETRY-W/ACCESS,978-0-393-67902-1,,,,,,,,,,,,,,
F19,ENGL 0100F,S01,"Egan, James F.",4/11/2019,MELVILLE,MOBY-DICK,978-0-393-28500-0,,,,,,,,,,,,,,
F19,ENGL 0100F,S01,"Egan, James F.",4/11/2019,SHELLEY,FRANKENSTEIN,978-0-393-92793-1,,,,,,,,,,,,,,
F19,ENGL 0150C,S01,"Bryan, Elizabeth Joh",4/11/2019,LACY,ROMANCE OF ARTHUR,978-0-415-78289-0,,,,,,,,,,,,,,
F19,ENGL 0150C,S01,"Bryan, Elizabeth Joh",4/11/2019,MALORY,LE MORTE D'ARTHUR,978-0-375-75322-0,,,,,,,,,,,,,,
F19,ENGL 0150C,S01,"Bryan, Elizabeth Joh",4/11/2019,REEVE,HISTORY OF THE KINGS OF BRITAIN,978-1-8438344-1-0,,,,,,,,,,,,,,
F19,ENGL 0150D,S01,"Foley, Stephen Merri",4/11/2019,SHAKESPEARE,ROMEO+JULIET (NEWLY REV.ED),978-0-451-52686-1,,,,,,,,,,,,,,
F19,ENGL 0150D,S01,"Foley, Stephen Merri",4/11/2019,SHAKESPEARE,HAMLET >BLUE COVER< W/PAGES 281-312,978-0-7434-7712-3,,,,,,,,,,,,,,
F19,ENGL 0150D,S01,"Foley, Stephen Merri",4/11/2019,SHAKESPEARE,OTHELLO,978-1-4725717-6-2,,,,,,,,,,,,,,
F19,ENGL 0150D,S01,"Foley, Stephen Merri",4/11/2019,SHAKESPEARE,TWELFTH NIGHT -NEW FOLGER ED.,978-0-7434-8277-6,,,,,,,,,,,,,,
F19,ENGL 0150D,S01,"Foley, Stephen Merri",4/11/2019,SHAKESPEARE,HENRY V  (NEWLY REV.ED.),978-0-451-52690-8,,,,,,,,,,,,,,
F19,ENGL 0150Y,S01,"Parker, Benjamin W.",4/11/2019,BRONTE,JANE EYRE,978-0-307-45519-2,,,,,,,,,,,,,,
F19,ENGL 0150Y,S01,"Parker, Benjamin W.",4/11/2019,BRONTE,VILLETTE,978-0-14-043479-8,,,,,,,,,,,,,,
F19,ENGL 0150Y,S01,"Parker, Benjamin W.",4/11/2019,RHYS,WIDE SARGASSO SEA,978-0-393-35256-6,,,,,,,,,,,,,,
F19,ENGL 0150Y,S01,"Parker, Benjamin W.",4/11/2019,BRONTE,WUTHERING HEIGHTS (9541892),978-0-19-954189-8,,,,,,,,,,,,,,
F19,ENGL 0150Y,S01,"Parker, Benjamin W.",4/11/2019,KINCAID,LUCY,978-0-374-52735-8,,,,,,,,,,,,,,
F19,ENGL 0200K,S01,"Brooksher, Noah C",4/17/2019,DERRIDA,SOVEREIGNTIES IN QUESTION,978-0-8232-2438-8,,,,,,,,,,,,,,
F19,ENGL 0200K,S01,"Brooksher, Noah C",4/17/2019,SHELLEY,FRANKENSTEIN:1818 TEXT,978-0-14-313184-7,,,,,,,,,,,,,,
F19,ENGL 0200K,S01,"Brooksher, Noah C",4/17/2019,BINNIE,NEVADA,978-0-9832422-3-9,,,,,,,,,,,,,,
F19,ENGL 0200K,S01,"Brooksher, Noah C",4/17/2019,TOLBERT,TROUBLING THE LINE:TRANS+GENDERQUEER...,978-1-9376581-0-6,,,,,,,,,,,,,,
F19,ENGL 0200K,S01,"Brooksher, Noah C",4/17/2019,ACKER,BLOOD+GUTS IN HIGH SCHOOL,978-0-8021-2762-4,,,,,,,,,,,,,,
F19,ENGL 0200K,S01,"Brooksher, Noah C",4/17/2019,ANZALDUA,BORDERLANDS/LA FRONTERA,978-1-8799608-5-5,,,,,,,,,,,,,,
F19,ENGL 0200K,S01,"Brooksher, Noah C",4/17/2019,MORRISON,BELOVED-W/NEW FOREWARD,978-1-4000334-1-6,,,,,,,,,,,,,,
F19,ENGL 0200K,S01,"Brooksher, Noah C",4/17/2019,PLATH,ARIEL,978-0-06-093172-8,,,,,,,,,,,,,,
F19,ENGL 0200K,S01,"Brooksher, Noah C",4/17/2019,WORDSWORTH,LYRICAL BALLADS 1798+1800,978-1-5511160-0-6,,,,,,,,,,,,,,
F19,ENGL 0200K,S01,"Brooksher, Noah C",4/17/2019,LEVINAS,TOTALITY+INFINITY,978-0-8207-0245-2,,,,,,,,,,,,,,
F19,ENGL 0200K,S01,"Brooksher, Noah C",4/17/2019,GINSBERG,HOWL+OTHER POEMS,978-0-87286-017-9,,,,,,,,,,,,,,
F19,ENGL 0200K,S01,"Brooksher, Noah C",4/17/2019,BATAILLE,VISIONS OF EXCESS:SELECT.WRIT.1927-1939,978-0-8166-1283-3,,,,,,,,,,,,,,
F19,ENGL 0200K,S01,"Brooksher, Noah C",4/17/2019,BARAKA,LEROI JONES/AMIRI BARAKA READER,978-1-5602523-8-2,,,,,,,,,,,,,,
F19,ENGL 0200K,S01,"Brooksher, Noah C",4/17/2019,SNORTON,BLACK ON BOTH SIDES:RACIAL HISTORY...,978-1-5179017-3-8,,,,,,,,,,,,,,
F19,ENGL 0200K,S01,"Brooksher, Noah C",4/17/2019,HAMACHER,MINIMA PHILOLOGICA,978-0-8232-6535-0,,,,,,,,,,,,,,
F19,ENGL 0310A,S01,"Foley, Stephen Merri",4/11/2019,SHAKESPEARE,OTHELLO,978-1-4725717-6-2,,,,,,,,,,,,,,
F19,ENGL 0310A,S01,"Foley, Stephen Merri",4/11/2019,SHAKESPEARE,ROMEO+JULIET (NEWLY REV.ED),978-0-451-52686-1,,,,,,,,,,,,,,
F19,ENGL 0310A,S01,"Foley, Stephen Merri",4/11/2019,SHAKESPEARE,TEMPEST  (NEWLY REV.ED.),978-0-451-52712-7,,,,,,,,,,,,,,
F19,ENGL 0310A,S01,"Foley, Stephen Merri",4/11/2019,SHAKESPEARE,TWELFTH NIGHT -NEW FOLGER ED.,978-0-7434-8277-6,,,,,,,,,,,,,,
F19,ENGL 0310A,S01,"Foley, Stephen Merri",4/11/2019,SHAKESPEARE,HENRY V  (NEWLY REV.ED.),978-0-451-52690-8,,,,,,,,,,,,,,
F19,ENGL 0310A,S01,"Foley, Stephen Merri",4/11/2019,SHAKESPEARE,HAMLET >BLUE COVER< W/PAGES 281-312,978-0-7434-7712-3,,,,,,,,,,,,,,
F19,ENGL 0310A,S01,"Foley, Stephen Merri",4/11/2019,SHAKESPEARE,JULIUS CAESAR,978-0-14-071468-5,,,,,,,,,,,,,,
F19,ENGL 0310A,S01,"Foley, Stephen Merri",4/11/2019,SHAKESPEARE,WINTER'S TALE,978-1-9034363-5-6,,,,,,,,,,,,,,
F19,ENGL 0500P,S01,"Gould, Philip",4/23/2019,BALDWIN,GO TELL IT ON THE MOUNTAIN,978-1-1019076-1-0,,,,,,,,,,,,,,
F19,ENGL 0500P,S01,"Gould, Philip",4/23/2019,KEROUAC,ON THE ROAD (TWENTIETH CENTURY CLASSIC),978-0-14-018521-8,,,,,,,,,,,,,,
F19,ENGL 0500P,S01,"Gould, Philip",4/23/2019,JACOBS,INCIDENTS IN LIFE OF A SLAVE GIRL,978-0-393-61456-5,,,,,,,,,,,,,,
F19,ENGL 0500P,S01,"Gould, Philip",4/23/2019,OCONNOR,GOOD MAN IS HARD TO FIND+OTHER STORIES,978-0-15-636465-2,,,,,,,,,,,,,,
F19,ENGL 0500P,S01,"Gould, Philip",4/23/2019,DIDION,DEMOCRACY,978-0-679-75485-5,,,,,,,,,,,,,,
F19,ENGL 0500P,S01,"Gould, Philip",4/23/2019,ROWLANDSON,SOVEREIGNTY+GOODNESS OF GOD-W/RELAT.DOC,978-1-3190488-1-5,,,,,,,,,,,,,,
F19,ENGL 0500P,S01,"Gould, Philip",4/23/2019,WHEATLEY,COMPLETE WRITINGS,978-0-14-042430-0,,,,,,,,,,,,,,
F19,ENGL 0500P,S01,"Gould, Philip",4/23/2019,TWAIN,ADVENTURES OF HUCKLEBERRY FINN,978-0-14-310732-3,,,,,,,,,,,,,,
F19,ENGL 1361D,S01,"Jacobs, Lesley E.",4/10/2019,BYOCK,SAGA OF VOLSUNGS,978-0-14-044738-5,,,,,,,,,,,,,,
F19,ENGL 1361D,S01,"Jacobs, Lesley E.",4/10/2019,BYOCK,SAGA OF KING HROLF KRAKI,978-0-14-043593-1,,,,,,,,,,,,,,
F19,ENGL 1361D,S01,"Jacobs, Lesley E.",4/10/2019,DAVIES,MABINOGION (9218781),978-0-19-921878-3,,,,,,,,,,,,,,
F19,ENGL 1361D,S01,"Jacobs, Lesley E.",4/10/2019,TERRY,POEMS OF THE ELDER EDDA,978-0-8122-8220-7,,,,,,,,,,,,,,
F19,ENGL 1361D,S01,"Jacobs, Lesley E.",4/10/2019,FULK,BEOWULF MANUSCRIPT,978-0-674-05295-6,,,,,,,,,,,,,,
F19,ENGL 1361D,S01,"Jacobs, Lesley E.",4/10/2019,DEFRANCE,LAIS OF MARIE DE FRANCE,978-0-8010-2031-5,,,,,,,,,,,,,,
F19,ENGL 1361D,S01,"Jacobs, Lesley E.",4/10/2019,GANTZ,EARLY IRISH MYTHS+SAGAS,978-0-14-044397-4,,,,,,,,,,,,,,
F19,ENGL 1561K,S01,"Rabb, Melinda Allike",4/11/2019,STRAUB,ROUTLEDGE ANTHOLOGY OF RESTORATION...,978-1-1389154-2-8,,,,,,,,,,,,,,
F19,ENGL 1561K,S01,"Rabb, Melinda Allike",4/11/2019,BEHN,ROVER,978-1-4081521-1-9,,,,,,,,,,,,,,
F19,ENGL 1561N,S01,"Gould, Philip",4/16/2019,JACKSON,DICKINSON'S MISERY,978-0-691-11991-5,,,,,,,,,,,,,,
F19,ENGL 1561N,S01,"Gould, Philip",4/16/2019,POE,SELECTED WRITINGS OF EDGAR ALLEN POE,978-0-393-97285-6,,,,,,,,,,,,,,
F19,ENGL 1561N,S01,"Gould, Philip",4/16/2019,DICKINSON,POEMS OF EMILY DICKINSON READING ED.,978-0-674-01824-2,,,,,,,,,,,,,,
F19,ENGL 1561N,S01,"Gould, Philip",4/16/2019,HAWTHORNE,TALES+SKETCHES,978-0-940450-03-5,,,,,,,,,,,,,,
F19,ENGL 1561N,S01,"Gould, Philip",4/16/2019,GROSS,HISTORY OF THE BOOK IN AMERICA VOL 2,978-1-4696216-1-6,,,,,,,,,,,,,,
F19,ENGL 1561N,S01,"Gould, Philip",4/16/2019,STOWE,UNCLE TOM'S CABIN/LIFE AMONG LOWLY,978-0-14-039003-2,,,,,,,,,,,,,,
F19,ENGL 1561N,S01,"Gould, Philip",4/16/2019,HAYES,POE AND THE PRINTED WORD,978-0-521-10962-8,,,,,,,,,,,,,,
F19,ENGL 2360Y,S01,"Rambuss, Richard",4/16/2019,RAMBUSS,ENGLISH POEMS OF RICHARD CRASHAW,978-0-8166-8068-9,,,,,,,,,,,,,,
,,,,,,,,,,,,,,,,,,,,,
,,,,,,,,,,,,,,,,,,,,,
,,,,,,,,,,,,,,,,,,,,,
,,,,,,,,,,,,,,,,,,,,,
,,,,,,,,,,,,,,,,,,,,,
,,,,,,,,,,,,,,,,,,,,,
F19,ENGL 2360Y,S01,"Rambuss, Richard",4/16/2019,DONNE,COMPLETE ENGLISH POEMS,978-0-14-042209-2,,,,,,,,,,,,,,
F19,ENGL 2360Y,S01,"Rambuss, Richard",4/16/2019,MILTON,MAJOR WORKS (9539189),978-0-19-953918-5,,,,,,,,,,,,,,
F19,ENGL 2360Y,S01,"Rambuss, Richard",4/16/2019,BATAILLE,EROTISM,978-0-87286-190-9,,,,,,,,,,,,,,
F19,ENGL 2561T,S01,"Parker, Benjamin W.",4/11/2019,PUCKETT,NARRATIVE THEORY,978-1-1076847-4-4,,,,,,,,,,,,,,
F19,ENGL 2561T,S01,"Parker, Benjamin W.",4/11/2019,AUERBACH,MIMESIS,978-0-691-16022-1,,,,,,,,,,,,,,
F19,ENGL 2561T,S01,"Parker, Benjamin W.",4/11/2019,ELIOT,ADAM BEDE,978-0-19-920347-5,,,,,,,,,,,,,,
F19,ENGL 2561T,S01,"Parker, Benjamin W.",4/11/2019,LUKACS,THEORY OF THE NOVEL,978-0-262-62027-7,,,,,,,,,,,,,,
F19,ENGL 2561T,S01,"Parker, Benjamin W.",4/11/2019,MILLER,JANE AUSTEN:OR THE SECRET OF STYLE,978-0-691-12387-5,,,,,,,,,,,,,,
F19,ENGL 2561T,S01,"Parker, Benjamin W.",4/11/2019,HALE,SOCIAL FORMALISM,978-0-8047-3356-4,,,,,,,,,,,,,,
F19,ENGL 2561T,S01,"Parker, Benjamin W.",4/11/2019,AUSTEN,EMMA -W/NEW CHRONOLOGY+UPDATED READINGS,978-0-14-143958-7,,,,,,,,,,,,,,
F19,ENGL 2561T,S01,"Parker, Benjamin W.",4/11/2019,BARTHES,S/Z:ESSAY,978-0-374-52167-7,,,,,,,,,,,,,,
F19,ENGL 2561T,S01,"Parker, Benjamin W.",4/11/2019,TROLLOPE,WARDEN,978-0-14-043214-5,,,,,,,,,,,,,,
F19,ENGL 2561T,S01,"Parker, Benjamin W.",4/11/2019,JAMES,AWKWARD AGE,978-0-14-043297-8,,,,,,,,,,,,,,
F19,ENGL 2561T,S01,"Parker, Benjamin W.",4/11/2019,BOOTH,RHETORIC OF FICTION,978-0-226-06558-8,,,,,,,,,,,,,,
F19,ENGN 0030,S02,"Pacifici, Domenico",4/14/2019,BEER,STATICS+MECHANICS OF...(LOOSE)-TEXT,978-1-2597486-4-6,,,,,,,,,,,,,,
F19,ENGN 0030,S02,"Pacifici, Domenico",4/14/2019,FERDINAND BEER,STATICS AND MECHANICS OF MATERIALS,978-1-2597486-3-9,,,,,,,,,,,,,,
F19,ENGN 0030,S03,"Haberstroh, Karen Ma",4/14/2019,BEER,STATICS+MECHANICS OF...(LOOSE)-TEXT,978-1-2597486-4-6,,,,,,,,,,,,,,
F19,ENGN 0030,S03,"Haberstroh, Karen Ma",4/14/2019,FERDINAND BEER,STATICS AND MECHANICS OF MATERIALS,978-1-2597486-3-9,,,,,,,,,,,,,,
F19,ENGN 0030,S04,"Bull, Christopher",4/14/2019,BEER,STATICS+MECHANICS OF...(LOOSE)-TEXT,978-1-2597486-4-6,,,,,,,,,,,,,,
F19,ENGN 0030,S04,"Bull, Christopher",4/14/2019,FERDINAND BEER,STATICS AND MECHANICS OF MATERIALS,978-1-2597486-3-9,,,,,,,,,,,,,,
F19,ENGN 0310,S01,"Henann, David L.",3/18/2019,BEER,MECHANICS OF MATERIALS (LOOSELEAF),978-1-2604038-6-2,,,,,,,,,,,,,,
F19,ENGN 0410,S01,"Kumar, Sharvan K.",4/12/2019,CALLISTER,MATERIALS SCI.+ENGR.-WILEY PLUS PACKAGE,978-1-1194053-3-7,,,,,,,,,,,,,,
F19,ENGN 0510,S01,"Mittleman, Daniel M.",4/10/2019,GRIFFITHS,INTRO.TO ELECTRODYNAMICS,978-1-1084204-1-9,,,,,,,,,,,,,,
F19,ENGN 1010,S01,"Warshay, Daniel E.",4/11/2019,HALL,JUMP START YOUR BUSINESS BRAIN,978-1-5786017-9-0,,,,,,,,,,,,,,
F19,ENGN 1010,S01,"Warshay, Daniel E.",4/11/2019,KAWASAKI,ART OF THE START 2.0,978-1-5918478-4-7,,,,,,,,,,,,,,
F19,ENGN 1010,S01,"Warshay, Daniel E.",4/11/2019,KOMISAR,MONK+RIDDLE,978-1-5785164-4-5,,,,,,,,,,,,,,
F19,ENGN 1010,S01,"Warshay, Daniel E.",4/11/2019,GODIN,PURPLE COW:TRANSFORM YOUR BUSINESS...,978-1-5918431-7-7,,,,,,,,,,,,,,
F19,ENGN 1010,S02,"Cohen, Jon E.",4/18/2019,RAND,FOUNTAINHEAD-CENTENNIAL EDITION,978-0-452-28637-5,,,,,,,,,,,,,,
F19,ENGN 1010,S02,"Cohen, Jon E.",4/18/2019,HILL,THINK+GROW RICH,978-0-449-91146-4,,,,,,,,,,,,,,
F19,ENGN 1490,S01,"Coulombe, Kareen L K",4/11/2019,TEMENOFF,BIOMATERIALS,978-0-13-009710-1,,,,,,,,,,,,,,
F19,ENGN 1590,S01,"Zaslavsky, Alexander",4/10/2019,STREETMAN,SOLID STATE ELECTRONIC DEVICES,978-9-3325550-8-2,,,,,,,,,,,,,,
F19,ENGN 2010,S01,"Zaki, Ahmed S.",4/10/2019,KREYSZIG,ADVANCED ENGINEERING MATHEMATICS,978-0-470-45836-5,,,,,,,,,,,,,,
F19,ENGN 2810,S01,"Harris, Daniel",4/16/2019,KUNDU,FLUID MECHANICS,978-0-12-405935-1,,,,,,,,,,,,,,
F19,ENGN 2810,S01,"Harris, Daniel",4/16/2019,KUNDU,FLUID MECHANICS,978-0-12-407151-3,,,,,,,,,,,,,,
F19,ENGN 2810,S01,"Harris, Daniel",4/16/2019,PANTON,INCOMPRESSIBLE FLOW,978-1-1180134-3-4,,,,,,,,,,,,,,
F19,ENGN 2810,S01,"Harris, Daniel",4/16/2019,PANTO,INCOMPRESSIBLE FLOW,978-1-1184184-5-1,,,,,,,,,,,,,,
F19,ENVS 0110,S01,"King, Dawn",4/14/2019,FRIEDMAN,"HOT,FLAT,+CROWDED:REL.2.0-UPD.+EXPANDED",978-0-312-42892-1,,,,,,,,,,,,,,
F19,ENVS 0110,S01,"King, Dawn",4/14/2019,THOMAS L. FRIE,"HOT, FLAT, AND CROWDED 2.0",978-1-4299636-8-8,,,,,,,,,,,,,,
F19,ENVS 0110,S01,"King, Dawn",4/14/2019,LANGSTON,TOXIC BODIES,978-0-300-17137-2,,,,,,,,,,,,,,
F19,ENVS 0110,S01,"King, Dawn",4/14/2019,POLLAN,OMNIVORE'S DILEMMA,978-0-14-303858-0,,,,,,,,,,,,,,
F19,ENVS 0110,S01,"King, Dawn",4/14/2019,ROBERTSON,SUSTAINABILITY:PRINCIPLES+PRACTICE,978-1-1386502-4-4,,,,,,,,,,,,,,
F19,ENVS 0110,S01,"King, Dawn",4/14/2019,MARGARET ROBER,SUSTAINABILITY PRINCIPLES AND PRACTICE,978-1-3172321-0-0,,,,,,,,,,,,,,
F19,ENVS 0150,S01,"Roberts, J Timmons",4/12/2019,HAWKEN,DRAWDOWN,978-0-14-313044-4,,,,,,,,,,,,,,
F19,ENVS 0150,S01,"Roberts, J Timmons",4/12/2019,HARVEY,DESIGNING CLIMATE SOLUTIONS,978-1-6109195-6-2,,,,,,,,,,,,,,
F19,ENVS 1245,S01,"Hastings, Meredith K",4/12/2019,JACOBSON,AIR POLLUTION+GLOBAL WARMING,978-1-1076911-5-5,,,,,,,,,,,,,,
F19,ENVS 1400,S01,"Teichert, Kurt",4/12/2019,LECHNER,"HEATING,COOLING,LIGHTING",978-1-1185824-2-8,,,,,,,,,,,,,,
F19,ENVS 1557,S01,"Jacobs, Nancy J.",4/12/2019,LANHAM,HOME PLACE,978-1-5713135-0-8,,,,,,,,,,,,,,
F19,ENVS 1557,S01,"Jacobs, Nancy J.",4/12/2019,MACLEAR,BIRDS ART LIFE,978-1-5011542-0-1,,,,,,,,,,,,,,
F19,ENVS 1557,S01,"Jacobs, Nancy J.",4/12/2019,ROBINSON,BIRDING FOR EVERYONE,978-0-9679338-3-2,,,,,,,,,,,,,,
F19,ENVS 1557,S01,"Jacobs, Nancy J.",4/12/2019,CROSSLEY,EASTERN BIRDS,978-0-691-17010-7,,,,,,,,,,,,,,
F19,ENVS 1557,S01,"Jacobs, Nancy J.",4/12/2019,DUNNE,PETE DUNNE ON BIRD WATCHING,978-0-395-90686-6,,,,,,,,,,,,,,
F19,ENVS 1557,S01,"Jacobs, Nancy J.",4/12/2019,KAUFMAN,KINGBIRD HIGHWAY,978-0-618-70940-3,,,,,,,,,,,,,,
F19,ENVS 1615,S01,"Lynch, Amanda",4/11/2019,LYNCH,URGENCY IN THE ANTHROPOCENE,978-0-262-53576-2,,,,,,,,,,,,,,
F19,ETHN 1200B,S01,"Keene, Adrienne J.",4/11/2019,LA PAPERSON,THIRD UNIVERSITY IS POSSIBLE,978-1-5179020-8-7,,,,,,,,,,,,,,
F19,FREN 0100,S01,"Ravillon, Stephanie",4/24/2019,RIPAUD,"SAISON 1,A1+-W/DVD",978-2-2780826-5-0,,,,,,,,,,,,,,
F19,FREN 0100,S01,"Ravillon, Stephanie",4/24/2019,COCTON,SAISON 1 CAHIER D'ACTIVITES + CD,978-2-2780826-7-4,,,,,,,,,,,,,,
F19,FREN 0100,S02,"Ravillon, Stephanie",4/24/2019,RIPAUD,"SAISON 1,A1+-W/DVD",978-2-2780826-5-0,,,,,,,,,,,,,,
F19,FREN 0100,S02,"Ravillon, Stephanie",4/24/2019,COCTON,SAISON 1 CAHIER D'ACTIVITES + CD,978-2-2780826-7-4,,,,,,,,,,,,,,
F19,FREN 0100,S03,"Ravillon, Stephanie",4/24/2019,RIPAUD,"SAISON 1,A1+-W/DVD",978-2-2780826-5-0,,,,,,,,,,,,,,
F19,FREN 0100,S03,"Ravillon, Stephanie",4/24/2019,COCTON,SAISON 1 CAHIER D'ACTIVITES + CD,978-2-2780826-7-4,,,,,,,,,,,,,,
F19,FREN 0100,S04,"Ravillon, Stephanie",4/24/2019,RIPAUD,"SAISON 1,A1+-W/DVD",978-2-2780826-5-0,,,,,,,,,,,,,,
F19,FREN 0100,S04,"Ravillon, Stephanie",4/24/2019,COCTON,SAISON 1 CAHIER D'ACTIVITES + CD,978-2-2780826-7-4,,,,,,,,,,,,,,
F19,FREN 0100,S05,"Ravillon, Stephanie",4/24/2019,RIPAUD,"SAISON 1,A1+-W/DVD",978-2-2780826-5-0,,,,,,,,,,,,,,
F19,FREN 0100,S05,"Ravillon, Stephanie",4/24/2019,COCTON,SAISON 1 CAHIER D'ACTIVITES + CD,978-2-2780826-7-4,,,,,,,,,,,,,,
F19,FREN 0300,S01,"Ravillon, Stephanie",4/24/2019,COCTON,SAISON 2 LIVRE DE L'ELEVE CD+DVD,978-2-2780775-3-3,,,,,,,,,,,,,,
F19,FREN 0300,S01,"Ravillon, Stephanie",4/24/2019,CARTIER,"SAISON 2,A2-B1-W/CD",978-2-2780791-8-6,,,,,,,,,,,,,,
F19,FREN 0300,S01,"Ravillon, Stephanie",4/24/2019,GLAUD,GRAMMAIRE ESSENTIELLE DU FRANCAIS-LEV A2,978-2-2780810-2-8,,,,,,,,,,,,,,
F19,FREN 0300,S01,"Ravillon, Stephanie",4/24/2019,LELORD,LE VOYAGE D'HECTOR OU LA RECHERCHE DU BO,978-2-7381139-7-9,,,,,,,,,,,,,,
F19,FREN 0300,S01,"Ravillon, Stephanie",4/24/2019,TOURE,LA VOYEUSE (A2),978-2-2780797-2-8,,,,,,,,,,,,,,
F19,FREN 0300,S02,"Ravillon, Stephanie",4/24/2019,COCTON,SAISON 2 LIVRE DE L'ELEVE CD+DVD,978-2-2780775-3-3,,,,,,,,,,,,,,
F19,FREN 0300,S02,"Ravillon, Stephanie",4/24/2019,CARTIER,"SAISON 2,A2-B1-W/CD",978-2-2780791-8-6,,,,,,,,,,,,,,
F19,FREN 0300,S02,"Ravillon, Stephanie",4/24/2019,GLAUD,GRAMMAIRE ESSENTIELLE DU FRANCAIS-LEV A2,978-2-2780810-2-8,,,,,,,,,,,,,,
F19,FREN 0300,S02,"Ravillon, Stephanie",4/24/2019,LELORD,LE VOYAGE D'HECTOR OU LA RECHERCHE DU BO,978-2-7381139-7-9,,,,,,,,,,,,,,
F19,FREN 0300,S02,"Ravillon, Stephanie",4/24/2019,TOURE,LA VOYEUSE (A2),978-2-2780797-2-8,,,,,,,,,,,,,,
F19,FREN 0300,S03,"Ravillon, Stephanie",4/24/2019,COCTON,SAISON 2 LIVRE DE L'ELEVE CD+DVD,978-2-2780775-3-3,,,,,,,,,,,,,,
F19,FREN 0300,S03,"Ravillon, Stephanie",4/24/2019,CARTIER,"SAISON 2,A2-B1-W/CD",978-2-2780791-8-6,,,,,,,,,,,,,,
F19,FREN 0300,S03,"Ravillon, Stephanie",4/24/2019,GLAUD,GRAMMAIRE ESSENTIELLE DU FRANCAIS-LEV A2,978-2-2780810-2-8,,,,,,,,,,,,,,
F19,FREN 0300,S03,"Ravillon, Stephanie",4/24/2019,LELORD,LE VOYAGE D'HECTOR OU LA RECHERCHE DU BO,978-2-7381139-7-9,,,,,,,,,,,,,,
F19,FREN 0300,S03,"Ravillon, Stephanie",4/24/2019,TOURE,LA VOYEUSE (A2),978-2-2780797-2-8,,,,,,,,,,,,,,
F19,FREN 0600,S01,"Ravillon, Stephanie",4/24/2019,ROCHAT,CONTRASTES:GRAMMAIRE DU FRANCAIS...,978-0-205-64699-9,,,,,,,,,,,,,,
F19,FREN 0600,S01,"Ravillon, Stephanie",4/24/2019,ROBERT,LE ROBERT MICRO POCHE,978-2-3210105-1-7,,,,,,,,,,,,,,
F19,FREN 0600,S01,"Ravillon, Stephanie",4/25/2019,ROSTAND,CYRANO DE BERGERAC,978-2-2662955-3-6,,,,,,,,,,,,,,
,,,,,,,,,,,,,,,,,,,,,
,,,,,,,,,,,,,,,,,,,,,
,,,,,,,,,,,,,,,,,,,,,
,,,,,,,,,,,,,,,,,,,,,
,,,,,,,,,,,,,,,,,,,,,
,,,,,,,,,,,,,,,,,,,,,
F19,FREN 0600,S02,"Ravillon, Stephanie",4/24/2019,ROCHAT,CONTRASTES:GRAMMAIRE DU FRANCAIS...,978-0-205-64699-9,,,,,,,,,,,,,,
F19,FREN 0600,S02,"Ravillon, Stephanie",4/24/2019,ROBERT,LE ROBERT MICRO POCHE,978-2-3210105-1-7,,,,,,,,,,,,,,
F19,FREN 0600,S03,"Ravillon, Stephanie",4/24/2019,ROCHAT,CONTRASTES:GRAMMAIRE DU FRANCAIS...,978-0-205-64699-9,,,,,,,,,,,,,,
F19,FREN 0600,S03,"Ravillon, Stephanie",4/24/2019,ROBERT,LE ROBERT MICRO POCHE,978-2-3210105-1-7,,,,,,,,,,,,,,
F19,FREN 0600,S04,"Ravillon, Stephanie",4/24/2019,ROCHAT,CONTRASTES:GRAMMAIRE DU FRANCAIS...,978-0-205-64699-9,,,,,,,,,,,,,,
F19,FREN 0600,S04,"Ravillon, Stephanie",4/24/2019,ROBERT,LE ROBERT MICRO POCHE,978-2-3210105-1-7,,,,,,,,,,,,,,
F19,FREN 0600,SUPPL,RAVILLON,4/24/2019,FOENKINOS,LA DELICATESE,978-2-0704593-1-5,,,,,,,,,,,,,,
F19,FREN 0600,SUPPL,RAVILLON,4/24/2019,BARBERY,L'ELEGANCE DU HERISSON,978-2-0704643-2-6,,,,,,,,,,,,,,
F19,FREN 0600,SUPPL,RAVILLON,4/24/2019,HUSTON,NORD PERDU SUIVI DE DOUZE FRANCE,978-2-7427492-5-6,,,,,,,,,,,,,,
F19,FREN 0600,SUPPL,RAVILLON,4/24/2019,IONESCO,RHINOCEROS,978-2-0703681-6-7,,,,,,,,,,,,,,
F19,FREN 0600,SUPPL,RAVILLON,4/24/2019,GRIMBERT,UN SECRET,978-2-2531171-8-6,,,,,,,,,,,,,,
F19,FREN 0600,SUPPL,RAVILLON,4/24/2019,MOURLEVAT,ET JE DANSE AUSSI,978-2-2662659-7-3,,,,,,,,,,,,,,
F19,FREN 0600,SUPPL,RAVILLON,4/24/2019,LAURAIN,LA FEMME AU CARNET ROUGE,978-2-2901046-3-7,,,,,,,,,,,,,,
F19,FREN 0600,SUPPL,RAVILLON,4/24/2019,JELLOUN,ENFANT DE SABLE(L'),978-2-7578479-3-0,,,,,,,,,,,,,,
F19,FREN 0600,SUPPL,RAVILLON,4/24/2019,NOTHOMB,STUPEUR ET TREMBLEMENTS,978-2-2531507-1-8,,,,,,,,,,,,,,
F19,FREN 0600,SUPPL,RAVILLON,4/24/2019,FOENKINOS,LA DELICATESE,978-2-0727675-4-8,,,,,,,,,,,,,,
F19,FREN 0600,SUPPL,RAVILLON,4/24/2019,BA,UNE SI LONGUE LETTRE,978-2-7361452-8-6,,,,,,,,,,,,,,
F19,FREN 1510L,S01,"Ravillon, Stephanie",4/24/2019,ROCHAT,CONTRASTES:GRAMMAIRE DU FRANCAIS...,978-0-205-64699-9,,,,,,,,,,,,,,
F19,FREN 1510L,S01,"Ravillon, Stephanie",4/24/2019,ROBERT,LE ROBERT MICRO POCHE,978-2-3210105-1-7,,,,,,,,,,,,,,
F19,GEOL 1240,S01,"Russell, James M.",4/10/2019,LEEDER,SEDIMENTOLOGY+SEDIMENTARY BASINS,978-1-4051778-3-2,,,,,,,,,,,,,,
F19,GEOL 2810,S01,"Head, James W.",4/11/2019,SOLOMON,MERCURY,978-1-1071544-5-2,,,,,,,,,,,,,,
F19,GREK 0100,S01,"Hanink, Johanna M.",3/14/2019,JOINT ASSN...,READING GREEK:TEXT+VOCAB.,978-0-521-69851-1,,,,,,,,,,,,,,
F19,GREK 0100,S01,"Hanink, Johanna M.",3/14/2019,JOINT ASSN CL,READING GREEK:GRAMMAR ETC.,978-0-521-69852-8,,,,,,,,,,,,,,
F19,GREK 1110F,S01,"Hanink, Johanna M.",3/14/2019,ROSE,HOMERIC HYMN TO APHRODITE,978-0-929524-94-8,,,,,,,,,,,,,,
F19,GREK 1110F,S01,"Hanink, Johanna M.",3/14/2019,SMITH,HOMERIC HYMN TO APOLLO,978-0-929524-16-0,,,,,,,,,,,,,,
F19,GREK 1110F,S01,"Hanink, Johanna M.",3/14/2019,GAISSER,HOMERIC HYMN TO DEMETER,978-0-929524-17-7,,,,,,,,,,,,,,
F19,GREK 1110F,S01,"Hanink, Johanna M.",3/14/2019,GAISSER,HOMERIC HYMN TO HERMES,978-0-929524-18-4,,,,,,,,,,,,,,
F19,GRMN 0750F,S01,"Kniesche, Thomas W.",4/22/2019,SCAGGS,CRIME FICTION,978-0-415-31824-2,,,,,,,,,,,,,,
F19,GRMN 0750F,S01,"Kniesche, Thomas W.",4/22/2019,GORDON,THIRTEENTH NIGHT,978-0-312-97684-2,,,,,,,,,,,,,,
F19,GRMN 0750F,S01,"Kniesche, Thomas W.",4/22/2019,KERR,MARCH VIOLETS,978-0-14-200414-2,,,,,,,,,,,,,,
F19,GRMN 0750F,S01,"Kniesche, Thomas W.",4/22/2019,ELLIS,ONE CORPSE TOO MANY,978-0-449-20702-4,,,,,,,,,,,,,,
F19,GRMN 0750F,S01,"Kniesche, Thomas W.",4/22/2019,TEY,DAUGHTER OF TIME,978-0-684-80386-9,,,,,,,,,,,,,,
F19,GRMN 0750F,S01,"Kniesche, Thomas W.",4/22/2019,CLEVERLY,LAST KASHMIRI ROSE,978-1-6169500-2-6,,,,,,,,,,,,,,
F19,GRMN 0750F,S01,"Kniesche, Thomas W.",4/22/2019,DAVIS,SILVER PIGS,978-0-312-61424-9,,,,,,,,,,,,,,
F19,GRMN 0750F,S01,"Kniesche, Thomas W.",4/22/2019,VANGULIK,CHINESE GOLD MURDERS,978-0-226-84864-8,,,,,,,,,,,,,,
F19,GRMN 0750F,S01,"Kniesche, Thomas W.",4/22/2019,TREMAYNE,ABSOLUTION BY MURDER,978-0-451-19299-8,,,,,,,,,,,,,,
F19,GRMN 0750F,S01,"Kniesche, Thomas W.",4/22/2019,ROBINSON,MURDER IN THE PLACE OF ANUBIS,978-0-345-38922-0,,,,,,,,,,,,,,
F19,GRMN 1661K,S01,"Kniesche, Thomas W.",4/24/2019,WOLLENHAUPT,GRAPPA LASST DIE PUPPEN TANZEN,978-3-8942539-5-0,,,,,,,,,,,,,,
F19,HIAA 0850,S01,"Neumann, Dietrich",4/10/2019,CURTIS,MODERN ARCHITECTURE SINCE 1900,978-0-7148-3356-9,,,,,,,,,,,,,,
F19,HIAA 0850,S01,"Neumann, Dietrich",4/10/2019,CONRADS,PROGRAMS+MANIFESTOES ON 20TH-CENT.ARCH.,978-0-262-53030-9,,,,,,,,,,,,,,
F19,HIAA 0850,S01,"Neumann, Dietrich",4/10/2019,GOSSEL,ARCHITECTURE IN THE 20TH CENTURY-V.1+2,978-3-8228412-6-6,,,,,,,,,,,,,,
F19,HISP 0300,S01,"Smith, Victoria P.",4/11/2019,GONZALEZ-AGUIL,ATANDO CABOS (LL)-W/MYSPANISHLAB,978-0-13-472197-2,,,,,,,,,,,,,,
F19,HISP 0300,S01,"Smith, Victoria P.",4/11/2019,GONZALEZ-AGUIL,ATANDO CABOS-MYSPANISHLAB (MULTI-SEM.),"978-0-13-404006-6
F19""",HISP 0300,S01,"Smith, Victoria P.",4/11/2019,GONZALEZ-AGUIL,ATANDO CABOS-MYSPANISHLAB (ONE SEMES.),"978-0-13-403995-4
F19""",HISP 0300,S02,"Smith, Victoria P.",4/11/2019,GONZALEZ-AGUIL,ATANDO CABOS (LL)-W/MYSPANISHLAB,978-0-13-472197-2
F19,HISP 0300,S02,"Smith, Victoria P.",4/11/2019,GONZALEZ-AGUIL,ATANDO CABOS-MYSPANISHLAB (MULTI-SEM.),"978-0-13-404006-6
F19""",HISP 0300,S02,"Smith, Victoria P.",4/11/2019,GONZALEZ-AGUIL,ATANDO CABOS-MYSPANISHLAB (ONE SEMES.),"978-0-13-403995-4
F19""",HISP 0300,S03,"Smith, Victoria P.",4/11/2019,GONZALEZ-AGUIL,ATANDO CABOS (LL)-W/MYSPANISHLAB,978-0-13-472197-2
F19,HISP 0300,S03,"Smith, Victoria P.",4/11/2019,GONZALEZ-AGUIL,ATANDO CABOS-MYSPANISHLAB (MULTI-SEM.),"978-0-13-404006-6
F19""",HISP 0300,S03,"Smith, Victoria P.",4/11/2019,GONZALEZ-AGUIL,ATANDO CABOS-MYSPANISHLAB (ONE SEMES.),"978-0-13-403995-4
F19""",HISP 0300,S04,"Smith, Victoria P.",4/11/2019,GONZALEZ-AGUIL,ATANDO CABOS (LL)-W/MYSPANISHLAB,978-0-13-472197-2
F19,HISP 0300,S04,"Smith, Victoria P.",4/11/2019,GONZALEZ-AGUIL,ATANDO CABOS-MYSPANISHLAB (MULTI-SEM.),"978-0-13-404006-6
F19""",HISP 0300,S04,"Smith, Victoria P.",4/11/2019,GONZALEZ-AGUIL,ATANDO CABOS-MYSPANISHLAB (ONE SEMES.),"978-0-13-403995-4
F19""",HISP 0400,S01,"Smith, Victoria P.",4/11/2019,GONZALEZ-AGUIL,ATANDO CABOS (LL)-W/MYSPANISHLAB,978-0-13-472197-2
F19,HISP 0400,S01,"Smith, Victoria P.",4/11/2019,GONZALEZ-AGUIL,ATANDO CABOS-MYSPANISHLAB (MULTI-SEM.),"978-0-13-404006-6
F19""",HISP 0400,S01,"Smith, Victoria P.",4/11/2019,GONZALEZ-AGUIL,ATANDO CABOS-MYSPANISHLAB (ONE SEMES.),"978-0-13-403995-4
F19""",HISP 0730,S01,"Montero, Iris",4/11/2019,ORTEGA,LETRAS:DE HISPANOAMERICA,978-1-6185717-3-1
F19,HISP 0710B,S01,"Vaquero, Mercedes",4/11/2019,CORRIGAN,SHORT GUIDE TO WRITING ABOUT FILM,978-0-321-96524-0,,,,,,,,,,,,,,
F19,HISP 1210F,S01,"Vaquero, Mercedes",4/11/2019,PHARIES,BREVE HISTORIA DE LA LENGUA ESPANOLA,978-0-226-13377-5,,,,,,,,,,,,,,
F19,HIST 0202,S01,"Jacobs, Nancy J.",4/19/2019,JACOBS,"AFRICAN HISTORY THROUGH SOURCES,V.1",978-1-1076792-5-2,,,,,,,,,,,,,,
F19,HIST 0202,S01,"Jacobs, Nancy J.",4/19/2019,SHILLINGTON,HISTORY OF AFRICA,978-1-1375040-3-6,,,,,,,,,,,,,,
F19,HIST 0202,S01,"Jacobs, Nancy J.",4/19/2019,KEVIN SHILLING,HISTORY OF AFRICA,978-1-1375248-1-2,,,,,,,,,,,,,,
F19,HIST 1320,S01,"Lambe, Jennifer L.",4/15/2019,CHASE,REVOLUTION WITHIN THE REVOLUTION,978-1-4696250-0-3,,,,,,,,,,,,,,
F19,HIST 1320,S01,"Lambe, Jennifer L.",4/15/2019,CHILDS,1812 APONTE REBELLION IN CUBA+STRUGGLE,978-0-8078-5772-4,,,,,,,,,,,,,,
F19,HIST 1320,S01,"Lambe, Jennifer L.",4/15/2019,FERRER,INSURGENT CUBA,978-0-8078-4783-1,,,,,,,,,,,,,,
F19,HIST 1320,S01,"Lambe, Jennifer L.",4/15/2019,ARENAS,BEFORE NIGHT FALLS:MEMOIR,978-0-14-015765-9,,,,,,,,,,,,,,
F19,HIST 1320,S01,"Lambe, Jennifer L.",4/15/2019,VALDES,YOCANDRA IN THE PARADISE OF NADA,978-1-6114593-3-3,,,,,,,,,,,,,,
F19,HIST 0150A,S01,"Rockman, Seth E.",4/12/2019,ARNOLD,EVERYDAY TECHNOLOGY,978-0-226-26937-5,,,,,,,,,,,,,,
F19,HIST 0150A,S01,"Rockman, Seth E.",4/12/2019,ROCKMAN,WELFARE REFORM IN THE EARLY REPUBLIC,978-1-4786220-3-1,,,,,,,,,,,,,,
F19,HIST 0150A,S01,"Rockman, Seth E.",4/12/2019,CHANG,23 THINGS THEY DON'T TELL YOU ABOUT...,978-1-6081933-8-7,,,,,,,,,,,,,,
F19,HIST 0150A,S01,"Rockman, Seth E.",4/12/2019,PAK,GENTLEMEN BANKERS:WORLD OF J.P.MORGAN,978-0-674-41690-1,,,,,,,,,,,,,,
F19,HIST 0150A,S01,"Rockman, Seth E.",4/12/2019,LEVINSON,BOX,978-0-691-17081-7,,,,,,,,,,,,,,
F19,HIST 1200C,S01,"Sacks, Kenneth S.",4/10/2019,GREEN,ALEXANDER TO ACTIUM,978-0-520-08349-3,,,,,,,,,,,,,,
F19,HIST 1200C,S01,"Sacks, Kenneth S.",4/10/2019,PLUTARCH,AGE OF ALEXANDER,978-0-14-044935-8,,,,,,,,,,,,,,
F19,HIST 1200C,S01,"Sacks, Kenneth S.",4/10/2019,THUCYDIDES,HISTORY OF PELOPONNESIAN WAR,978-0-14-044039-3,,,,,,,,,,,,,,
F19,HIST 1200C,S01,"Sacks, Kenneth S.",4/10/2019,ARRIAN,CAMPAIGNS OF ALEXANDER,978-0-14-044253-3,,,,,,,,,,,,,,
F19,HIST 1230B,S01,"Gluck, Mary",4/11/2019,RICHARDS,COMMODITY CULTURE OF VICTORIAN ENGLAND,978-0-8047-1901-8,,,,,,,,,,,,,,
F19,HIST 1230B,S01,"Gluck, Mary",4/11/2019,HOBHOUSE,LIBERALISM,978-0-19-500332-1,,,,,,,,,,,,,,
F19,HIST 1230B,S01,"Gluck, Mary",4/11/2019,STERN,POLITICS OF CULTURAL DESPAIR,978-0-520-02626-1,,,,,,,,,,,,,,
F19,HIST 1230B,S01,"Gluck, Mary",4/11/2019,BERGSON,INTRO.TO METAPHYSICS,978-0-87220-474-4,,,,,,,,,,,,,,
F19,HIST 1230B,S01,"Gluck, Mary",4/11/2019,WEBER,PROTESTANT ETHIC+SPIRIT OF CAPITALISM,978-0-19-533253-7,,,,,,,,,,,,,,
F19,HIST 1230B,S01,"Gluck, Mary",4/11/2019,NIETZSCHE,GENEALOGY OF MORALS,978-0-486-42691-4,,,,,,,,,,,,,,
,,,,,,,,,,,,,,,,,,,,,
,,,,,,,,,,,,,,,,,,,,,
,,,,,,,,,,,,,,,,,,,,,
,,,,,,,,,,,,,,,,,,,,,
,,,,,,,,,,,,,,,,,,,,,
,,,,,,,,,,,,,,,,,,,,,
F19,HIST 1230B,S01,"Gluck, Mary",4/11/2019,GAUGUIN,NOA NOA,978-0-486-24859-2,,,,,,,,,,,,,,
F19,HIST 1230B,S01,"Gluck, Mary",4/11/2019,IBSEN,DOLL'S HOUSE,978-0-486-27062-3,,,,,,,,,,,,,,
F19,HIST 1230B,S01,"Gluck, Mary",4/11/2019,EKSTEINS,RITES OF SPRING:GREAT WAR OF 20TH CENT.,978-0-395-93758-7,,,,,,,,,,,,,,
F19,HIST 1230B,S01,"Gluck, Mary",4/11/2019,FREUD,THREE ESSAYS ON THE THEORY OF SEX.,978-0-465-09708-1,,,,,,,,,,,,,,
F19,HIST 1956A,S01,"Sacks, Kenneth S.",4/10/2019,TETRAULT,MYTH OF SENECA FALLS,978-1-4696335-0-3,,,,,,,,,,,,,,
F19,HIST 1956A,S01,"Sacks, Kenneth S.",4/10/2019,TROUILLOT,SILENCING THE PAST (20TH ANNIV.ED.),978-0-8070-8053-5,,,,,,,,,,,,,,
F19,HIST 1956A,S01,"Sacks, Kenneth S.",4/10/2019,MAZA,THINKING ABOUT HISTORY,978-0-226-10933-6,,,,,,,,,,,,,,
F19,HIST 1956A,S01,"Sacks, Kenneth S.",4/10/2019,SINGER,MARX:VERY SHORT INTRODUCTION,978-0-19-882107-6,,,,,,,,,,,,,,
F19,HIST 1956A,S01,"Sacks, Kenneth S.",4/10/2019,ANDERSON,IMAGINED COMMUNITIES,978-1-7847867-5-5,,,,,,,,,,,,,,
F19,HIST 1956A,S01,"Sacks, Kenneth S.",4/10/2019,FOUCAULT,DISCIPLINE+PUNISH,978-0-679-75255-4,,,,,,,,,,,,,,
F19,HIST 1956A,S01,"Sacks, Kenneth S.",4/10/2019,SAID,ORIENTALISM,978-0-394-74067-6,,,,,,,,,,,,,,
F19,HIST 1956A,S01,"Sacks, Kenneth S.",4/10/2019,GORDON,MORAL PROPERTY OF WOMEN,978-0-252-07459-2,,,,,,,,,,,,,,
F19,HIST 1956A,S01,"Sacks, Kenneth S.",4/10/2019,ULRICH,MIDWIFE'S TALE,978-0-679-73376-8,,,,,,,,,,,,,,
F19,HIST 1961C,S01,"Brokaw, Cynthia J.",4/15/2019,MIYAZAKI,CHINA'S EXAMINATION HELL,978-0-300-02639-9,,,,,,,,,,,,,,
F19,HIST 1961C,S01,"Brokaw, Cynthia J.",4/15/2019,GARDNER,FOUR BOOKS,978-0-87220-826-1,,,,,,,,,,,,,,
F19,HIST 1967C,S01,"Lambe, Jennifer L.",4/15/2019,GUERRA,VISIONS OF POWER IN CUBA,978-1-4696188-6-9,,,,,,,,,,,,,,
F19,HIST 1967C,S01,"Lambe, Jennifer L.",4/15/2019,LATNER,CUBAN REVOLUTION IN AMERICA,978-1-4696354-6-0,,,,,,,,,,,,,,
F19,HIST 2971K,S01,"Rockman, Seth E.",4/12/2019,CHAMOIS,SLAVE OLD MAN,978-1-6209729-5-3,,,,,,,,,,,,,,
F19,HIST 2971K,S01,"Rockman, Seth E.",4/12/2019,JOHNSON,RIVER OF DARK DREAMS,978-0-674-97538-5,,,,,,,,,,,,,,
F19,ITAL 0100,S01,"Abbona-Sneider, Cris",4/26/2019,ASKI,AVANTI!BEGINNING ITALIAN (LL)-W/ACCESS,978-1-2600452-4-6,,,,,,,,,,,,,,
F19,ITAL 0100,S02,"Abbona-Sneider, Cris",4/26/2019,ASKI,AVANTI!BEGINNING ITALIAN (LL)-W/ACCESS,978-1-2600452-4-6,,,,,,,,,,,,,,
F19,ITAL 0100,S03,"Abbona-Sneider, Cris",4/26/2019,ASKI,AVANTI!BEGINNING ITALIAN (LL)-W/ACCESS,978-1-2600452-4-6,,,,,,,,,,,,,,
F19,ITAL 0300,S01,"Abbona-Sneider, Cris",4/26/2019,ITALIANO,CRESCENDO! (LOOSELEAF),978-1-1192354-4-6,,,,,,,,,,,,,,
F19,ITAL 0300,S01,"Abbona-Sneider, Cris",4/26/2019,FRANCESCA ITAL,CRESCENDO!,978-1-1184731-4-6,,,,,,,,,,,,,,
F19,ITAL 0300,S02,"Abbona-Sneider, Cris",4/26/2019,ITALIANO,CRESCENDO! (LOOSELEAF),978-1-1192354-4-6,,,,,,,,,,,,,,
F19,ITAL 0300,S02,"Abbona-Sneider, Cris",4/26/2019,FRANCESCA ITAL,CRESCENDO!,978-1-1184731-4-6,,,,,,,,,,,,,,
F19,ITAL 2100,S01,"Stewart-Steinberg, S",4/11/2019,CHAKRABARTY,PROVINCIALIZING EUROPE,978-0-691-13001-9,,,,,,,,,,,,,,
F19,ITAL 2100,S01,"Stewart-Steinberg, S",4/11/2019,ESPOSITO,PHILOSOPHY FOR EUROPE,978-1-5095210-6-7,,,,,,,,,,,,,,
F19,ITAL 2100,S01,"Stewart-Steinberg, S",4/11/2019,MEZZADRA,BORDER AS METHOD,978-0-8223-5503-8,,,,,,,,,,,,,,
F19,ITAL 2100,S01,"Stewart-Steinberg, S",4/11/2019,TRIVELLATO,PROMISE AND PERIL OF CREDIT,978-0-691-17859-2,,,,,,,,,,,,,,
F19,ITAL 2100,S01,"Stewart-Steinberg, S",4/11/2019,AGAMBEN,WHAT IS REAL?,978-1-5036062-1-0,,,,,,,,,,,,,,
F19,ITAL 2100,S01,"Stewart-Steinberg, S",4/11/2019,AGAMBEN,CREATION AND ANARCHY,978-1-5036092-6-6,,,,,,,,,,,,,,
F19,ITAL 2100,S01,"Stewart-Steinberg, S",4/11/2019,CAVARERO,INCLINATIONS,978-1-5036004-0-9,,,,,,,,,,,,,,
F19,ITAL 2100,S01,"Stewart-Steinberg, S",4/11/2019,CASARIO,ANOTHER MOTHER,978-1-5179049-4-4,,,,,,,,,,,,,,
F19,ITAL 2100,S01,"Stewart-Steinberg, S",4/11/2019,SMART,WAITING FOR VERDI,978-0-520-27625-3,,,,,,,,,,,,,,
F19,ITAL 2100,S01,"Stewart-Steinberg, S",4/11/2019,SENICI,MUSIC IN THE PRESENT TENSE,978-0-226-66354-8,,,,,,,,,,,,,,
F19,ITAL 2100,S01,"Stewart-Steinberg, S",4/11/2019,COTTINI,ART OF OBJECTS,978-1-4875028-3-6,,,,,,,,,,,,,,
F19,ITAL 2100,S01,"Stewart-Steinberg, S",4/11/2019,GIBSON,ITALIAN PRISON IN THE AGE OF POSITIV,978-1-3500553-2-2,,,,,,,,,,,,,,
F19,ITAL 2100,S01,"Stewart-Steinberg, S",4/11/2019,PERGHER,MUSSOLINI'S NATION-EMPIRE,978-1-1084147-8-4,,,,,,,,,,,,,,
F19,ITAL 2100,S01,"Stewart-Steinberg, S",4/11/2019,LUZZATTO,PRIMO LEVI'S RESISTANCE,978-1-2500971-9-4,,,,,,,,,,,,,,
F19,JAPN 1010,S01,"Yamashita, Kikuko",4/15/2019,MURAKAMI,KILLING COMMENDATOR VOL 2,978-4-1010017-2-2,,,,,,,,,,,,,,
F19,JAPN 1010,S01,"Yamashita, Kikuko",4/15/2019,MURAKAMI,KILLING COMMENDATOR VOL 1,978-4-1010017-1-5,,,,,,,,,,,,,,
F19,JAPN 1010,S01,"Yamashita, Kikuko",4/15/2019,MURAKAMI,KILLING COMMENDATOR VOL 4,978-4-1010017-4-6,,,,,,,,,,,,,,
F19,JAPN 1010,S01,"Yamashita, Kikuko",4/15/2019,MURAKAMI,KILLING COMMENDATOR VOL 3,978-4-1010017-3-9,,,,,,,,,,,,,,
F19,JUDS 0670,S01,"Olyan, Saul",4/17/2019,FOSTER,FROM DISTANT DAYS,978-1-8830530-9-3,,,,,,,,,,,,,,
F19,JUDS 0670,S01,"Olyan, Saul",4/17/2019,COOGAN,STORIES FROM ANCIENT CANAAN,978-0-664-23242-9,,,,,,,,,,,,,,
F19,JUDS 0670,S01,"Olyan, Saul",4/17/2019,CHAVALAS,ANCIENT NEAR EAST,978-0-631-23581-1,,,,,,,,,,,,,,
F19,JUDS 0670,S01,"Olyan, Saul",4/17/2019,BIBLE,"NEW OXF ANNOT BIBLE,NRSV+APOC.,COLL.ED.",978-0-19-027608-9,,,,,,,,,,,,,,
F19,JUDS 1601,S01,"Wills, Larry",4/11/2019,BAKER,JEW,978-0-8135-6302-2,,,,,,,,,,,,,,
F19,JUDS 1601,S01,"Wills, Larry",4/11/2019,WHITE,FROM JESUS TO CHRISTIANITY,978-0-06-081610-0,,,,,,,,,,,,,,
F19,JUDS 1601,S01,"Wills, Larry",4/11/2019,BIBLE,HARPERCOLLINS STUDY BIBLE-NRSV-REV.+UPD,978-0-06-078684-7,,,,,,,,,,,,,,
F19,JUDS 1601,S01,"Wills, Larry",4/11/2019,CRUMB,BOOK OF GENESIS ILLUSTRATED BY R.CRUMB,978-0-393-06102-4,,,,,,,,,,,,,,
F19,JUDS 1601,S01,"Wills, Larry",4/11/2019,WEITZMAN,ORIGIN OF THE JEWS,978-0-691-19165-2,,,,,,,,,,,,,,
F19,JUDS 1601,S01,"Wills, Larry",4/11/2019,FREDRIKSEN,WHEN CHRISTIANS WERE JEWS,978-0-300-24840-1,,,,,,,,,,,,,,
F19,JUDS 1625,S01,"Olyan, Saul",4/17/2019,CROSS,CANAANITE MYTH+HEBREW EPIC,978-0-674-09176-4,,,,,,,,,,,,,,
F19,JUDS 1625,S01,"Olyan, Saul",4/17/2019,ATTRIDGE***NR,PHILO OF BYBLOS (MONOGRAPH #9),978-0-915170-08-1,,,,,,,,,,,,,,
F19,JUDS 1625,S01,"Olyan, Saul",4/17/2019,COOGAN,STORIES FROM ANCIENT CANAAN,978-0-664-23242-9,,,,,,,,,,,,,,
F19,JUDS 1625,S01,"Olyan, Saul",4/17/2019,OLYAN,ASHERAH+CULT OF YAHWEH IN ISRAEL,978-1-5554025-4-9,,,,,,,,,,,,,,
F19,JUDS 1625,S01,"Olyan, Saul",4/17/2019,GITTLEN,SACRED TIME-SCARED PLACE,978-1-5750605-4-5,,,,,,,,,,,,,,
F19,JUDS 1625,S01,"Olyan, Saul",4/17/2019,BODEL,HOUSEHOLD+FAM.RELIGION IN ANTIQUITY(PB),978-1-1182553-3-9,,,,,,,,,,,,,,
F19,JUDS 1726,S01,"Gluck, Mary",4/11/2019,DAUBER,JEWISH COMEDY,978-0-393-24787-9,,,,,,,,,,,,,,
F19,JUDS 1726,S01,"Gluck, Mary",4/11/2019,DAVIES,MIRTH OF NATIONS,978-1-4128145-7-7,,,,,,,,,,,,,,
F19,JUDS 1726,S01,"Gluck, Mary",4/11/2019,BIRO,TWO JEWS ON A TRAIN,978-0-226-05216-8,,,,,,,,,,,,,,
F19,JUDS 1726,S01,"Gluck, Mary",4/11/2019,MERWIN,IN THEIR OWN IMAGE,978-0-8135-3809-9,,,,,,,,,,,,,,
F19,JUDS 1726,S01,"Gluck, Mary",4/11/2019,HECHT,TRANSPOSING BROADWAY,978-1-1374336-5-7,,,,,,,,,,,,,,
F19,JUDS 1726,S01,"Gluck, Mary",4/11/2019,GABLER,EMPIRE OF THEIR OWN,978-0-385-26557-7,,,,,,,,,,,,,,
F19,JUDS 1726,S01,"Gluck, Mary",4/11/2019,NOVAK,BIG BOOK OF JEWISH HUMOR,978-0-06-113813-3,,,,,,,,,,,,,,
F19,JUDS 1726,S01,"Gluck, Mary",4/11/2019,BETTAUER,CITY WITHOUT JEWS,978-0-8197-0594-5,,,,,,,,,,,,,,
F19,LACA 0500,S01,"Durante, Erica",4/12/2019,MARQUEZ,INNOCENT ERENDIRA+OTHER STORIES,978-0-06-075158-6,,,,,,,,,,,,,,
F19,LACA 0500,S01,"Durante, Erica",4/12/2019,MARQUEZ,LA INCREIBLE Y TRISTE HISTORIA DE LA...,978-8-4975923-6-9,,,,,,,,,,,,,,
F19,LATN 0100,S01,"MacDougall, Byron D",4/2/2019,WHEELOCK,WHEELOCK'S LATIN (PAPER),978-0-06-199722-8,,,,,,,,,,,,,,
F19,LATN 1810,S01,"Debrohun, Jeri B.",4/10/2019,PLAUTUS,AMPHITRVO,978-0-521-45997-6,,,,,,,,,,,,,,
F19,LATN 1810,S01,"Debrohun, Jeri B.",4/10/2019,TERENCE,EUNUCHUS,978-0-521-45871-9,,,,,,,,,,,,,,
F19,LATN 1810,S01,"Debrohun, Jeri B.",4/10/2019,COURTNEY,ARCHAIC LATIN PROSE,978-0-7885-0545-4,,,,,,,,,,,,,,
F19,LATN 1810,S01,"Debrohun, Jeri B.",4/10/2019,CICERO,PHILIPPICS I-II,978-0-521-42285-7,,,,,,,,,,,,,,
F19,LATN 1810,S01,"Debrohun, Jeri B.",4/10/2019,CATULLUS,CARMINA,978-0-19-814604-9,,,,,,,,,,,,,,
F19,LATN 1810,S01,"Debrohun, Jeri B.",4/10/2019,LUCRETIUS,DE RERUM NATURA,978-0-19-814624-7,,,,,,,,,,,,,,
F19,LATN 1810,S01,"Debrohun, Jeri B.",4/10/2019,CRISPI,"CATILINA,IUGURTHA,HISTORIARUM,FRAGMENTA",978-0-19-814667-4,,,,,,,,,,,,,,
F19,LATN 1810,S01,"Debrohun, Jeri B.",4/10/2019,VERGIL,ECLOGUES,978-0-521-29107-1,,,,,,,,,,,,,,
F19,LATN 1810,S01,"Debrohun, Jeri B.",4/10/2019,MANKIN,HORACE:EPODES,978-0-521-39774-2,,,,,,,,,,,,,,
F19,LATN 1110B,S01,"Pucci, Joseph Michae",3/27/2019,ST.AUGUSTINE,CONFESSIONS,978-0-14-044114-7,,,,,,,,,,,,,,
F19,LATN 1110B,S01,"Pucci, Joseph Michae",3/27/2019,O'DONNELL,AUGUSTINE CONFESSIONS,978-0-19-966072-8,,,,,,,,,,,,,,
,,,,,,,,,,,,,,,,,,,,,
,,,,,,,,,,,,,,,,,,,,,
,,,,,,,,,,,,,,,,,,,,,
,,,,,,,,,,,,,,,,,,,,,
,,,,,,,,,,,,,,,,,,,,,
,,,,,,,,,,,,,,,,,,,,,
F19,LATN 1110J,S01,"Bodel, John P.",3/28/2019,MULLER,PETRONII,978-3-5190158-0-2,,,,,,,,,,,,,,
F19,LATN 1110J,S01,"Bodel, John P.",3/28/2019,PETRONIUS,CENA TRIMALCHIONIS,978-0-19-814459-5,,,,,,,,,,,,,,
F19,LATN 1110J,S01,"Bodel, John P.",3/28/2019,COURTNEY,COMPANION TO PETRONIUS,978-0-19-924594-9,,,,,,,,,,,,,,
F19,LATN 1110J,S01,"Bodel, John P.",3/28/2019,PETRONIUS,SATYRICON,978-0-87220-510-9,,,,,,,,,,,,,,
F19,LATN 1110S,S01,"Debrohun, Jeri B.",4/10/2019,GARRISON,STUDENT'S CATULLUS,978-0-8061-4232-6,,,,,,,,,,,,,,
F19,LATN 1110S,S01,"Debrohun, Jeri B.",4/10/2019,CATULLUS,COMPLETE POEMS,978-0-19-953757-0,,,,,,,,,,,,,,
F19,LATN 1110S,S01,"Debrohun, Jeri B.",4/10/2019,TRAUPMAN,BANTAM NEW COLLEGE LATIN+ENGLISH DICT.,978-0-553-59012-8,,,,,,,,,,,,,,
F19,LATN 2120A,S01,"Bodel, John P.",3/28/2019,BODEL,EPIGRAPHIC EVIDENCE,978-0-415-11624-4,,,,,,,,,,,,,,
F19,LATN 2120A,S01,"Bodel, John P.",3/28/2019,GORDON,ILLUSTRATED INTRO.TO LATIN EPIGRAPHY,978-0-520-05079-2,,,,,,,,,,,,,,
F19,LITR 1110N,S01,"Nelson, Peter Gale",4/10/2019,PEREC,SPECIES OF SPACES+OTHER PIECES,978-0-14-144224-2,,,,,,,,,,,,,,
F19,LITR 1151X,S01,"Nakayasu, Sawako",4/5/2019,HALBERSTAM,QUEER ART OF FAILURE,978-0-8223-5045-3,,,,,,,,,,,,,,
F19,LITR 1151X,S01,"Nakayasu, Sawako",4/5/2019,GOULISH,39 MICROLECTURES,978-0-415-21393-6,,,,,,,,,,,,,,
F19,LITR 1151X,S01,"Nakayasu, Sawako",4/5/2019,YOSHITAKE,IT MIGHT BE AN APPLE,978-0-500-65048-6,,,,,,,,,,,,,,
F19,LITR 1151X,S01,"Nakayasu, Sawako",4/5/2019,CIVIL***NR,SWALLOW THE FISH,978-1-9378657-9-5,,,,,,,,,,,,,,
F19,LITR 1151X,S01,"Nakayasu, Sawako",4/5/2019,GLUZMAN,EMERGENCY INDEX VOLUME 6,978-1-9370279-8-8,,,,,,,,,,,,,,
F19,LITR 1151X,S01,"Nakayasu, Sawako",4/5/2019,CIVIL,EXPERIMENTS IN JOY,978-1-9487001-5-3,,,,,,,,,,,,,,
F19,LITR 1151X,S01,"Nakayasu, Sawako",4/5/2019,CACONRAD,ECODEVIANCE,978-1-9406960-1-0,,,,,,,,,,,,,,
F19,LITR 1151X,S01,"Nakayasu, Sawako",4/5/2019,ANTIN,100 BOOTS,978-1-9333825-9-3,,,,,,,,,,,,,,
F19,MATH 0090,S01,,4/26/2019,HASS,"THOMAS'CALCULUS EARLY TRANS.,SINGLE VAR",978-0-13-443941-9,,,,,,,,,,,,,,
F19,MATH 0090,S02,,4/26/2019,HASS,"THOMAS'CALCULUS EARLY TRANS.,SINGLE VAR",978-0-13-443941-9,,,,,,,,,,,,,,
F19,MATH 0090,S03,,4/26/2019,HASS,"THOMAS'CALCULUS EARLY TRANS.,SINGLE VAR",978-0-13-443941-9,,,,,,,,,,,,,,
F19,MATH 0090,S04,,4/26/2019,HASS,"THOMAS'CALCULUS EARLY TRANS.,SINGLE VAR",978-0-13-443941-9,,,,,,,,,,,,,,
F19,MATH 0090,S05,,4/26/2019,HASS,"THOMAS'CALCULUS EARLY TRANS.,SINGLE VAR",978-0-13-443941-9,,,,,,,,,,,,,,
F19,MATH 0100,S01,,4/26/2019,HASS,"THOMAS'CALCULUS EARLY TRANS.,SINGLE VAR",978-0-13-443941-9,,,,,,,,,,,,,,
F19,MATH 0100,S02,"Katz, Daniel J.",4/26/2019,HASS,"THOMAS'CALCULUS EARLY TRANS.,SINGLE VAR",978-0-13-443941-9,,,,,,,,,,,,,,
F19,MATH 0100,S03,,4/26/2019,HASS,"THOMAS'CALCULUS EARLY TRANS.,SINGLE VAR",978-0-13-443941-9,,,,,,,,,,,,,,
F19,MATH 0100,S04,,4/26/2019,HASS,"THOMAS'CALCULUS EARLY TRANS.,SINGLE VAR",978-0-13-443941-9,,,,,,,,,,,,,,
F19,MATH 0100,S05,,4/26/2019,HASS,"THOMAS'CALCULUS EARLY TRANS.,SINGLE VAR",978-0-13-443941-9,,,,,,,,,,,,,,
F19,MATH 0180,S01,,4/26/2019,HASS,"THOMAS'CALCULUS,MULTIVARIABLE",978-0-13-460608-8,,,,,,,,,,,,,,
F19,MATH 0180,S02,"Katz, Daniel J.",4/26/2019,HASS,"THOMAS'CALCULUS,MULTIVARIABLE",978-0-13-460608-8,,,,,,,,,,,,,,
F19,MATH 0180,S03,,4/26/2019,HASS,"THOMAS'CALCULUS,MULTIVARIABLE",978-0-13-460608-8,,,,,,,,,,,,,,
F19,MATH 0190,S01,"Kostiuk, Jordan A",4/11/2019,STEWART,CALCULUS:SINGLE VARIABLE,978-1-3052666-3-6,,,,,,,,,,,,,,
F19,MATH 0190,S01,"Kostiuk, Jordan A",4/26/2019,"STEWART, JAMES",SINGLE VARIABLE CALCULUS,978-1-3055487-2-5,,,,,,,,,,,,,,
F19,MATH 0190,S02,,4/26/2019,STEWART,CALCULUS:SINGLE VARIABLE,978-1-3052666-3-6,,,,,,,,,,,,,,
F19,MATH 0190,S02,,4/26/2019,"STEWART, JAMES",SINGLE VARIABLE CALCULUS,978-1-3055487-2-5,,,,,,,,,,,,,,
F19,MATH 0200,S01,,4/26/2019,HASS,"THOMAS'CALCULUS,MULTIVARIABLE",978-0-13-460608-8,,,,,,,,,,,,,,
F19,MATH 0200,S02,,4/26/2019,HASS,"THOMAS'CALCULUS,MULTIVARIABLE",978-0-13-460608-8,,,,,,,,,,,,,,
F19,MATH 0200,S03,"Mandelshtam, Olya",4/26/2019,HASS,"THOMAS'CALCULUS,MULTIVARIABLE",978-0-13-460608-8,,,,,,,,,,,,,,
F19,MATH 0540,S01,"Ramadas, Rohini",4/10/2019,AXLER,LINEAR ALGEBRA DONE RIGHT,978-3-3191107-9-0,,,,,,,,,,,,,,
F19,MATH 1110,S01,"Nguyen, Huy Quang",4/26/2019,CODDINGTON,INTRO.TO ORDINARY DIFFERENTIAL EQUAT.,978-0-486-65942-8,,,,,,,,,,,,,,
F19,MATH 1110,S01,"Nguyen, Huy Quang",4/26/2019,EARL A. CODDIN,AN INTRODUCTION TO ORDINARY DIFFERENTIA,"978-0-486-13183-2
F19""",MATH 1130,S01,"Holmer, Justin A.",4/26/2019,SHAKARCHI,"REAL ANALYSIS:MEASURE THEORY,INTEGRAT.",978-0-691-11386-9,,,,,,,
F19,MATH 1130,S01,"Holmer, Justin A.",4/26/2019,MUNKRES,TOPOLOGY (CLASSIC VERSION),978-0-13-468951-7,,,,,,,,,,,,,,
F19,MATH 1260,S01,"Kahn, Jeremy A.",4/26/2019,GAMELIN,COMPLEX ANALYSIS,978-0-387-95069-3,,,,,,,,,,,,,,
F19,MATH 1580,S01,"Ramadas, Rohini",4/10/2019,HOFFSTEIN,INTRO.TO MATHEMATICAL CRYPTOGRAPHY (CL),978-1-4939171-0-5,,,,,,,,,,,,,,
F19,MATH 1610,S01,"Holmer, Justin A.",4/26/2019,ROSS,INTRO.TO PROBABILITY MODELS,978-0-12-814346-9,,,,,,,,,,,,,,
F19,MATH 2050,S01,"Chan, Melody T.",4/15/2019,LIU,ALGEBRAIC GEOMETRY+ARITHMETIC CURVES,978-0-19-920249-2,,,,,,,,,,,,,,
F19,MATH 2110,S01,"Kapouleas, Nicolaos",4/26/2019,LEE,INTRODUCTION TO SMOOTH MANIFOLDS,978-1-4419998-1-8,,,,,,,,,,,,,,
F19,MGRK 0100,S02,"Amanatidou, Elissave",4/1/2019,TRIANDAFILLIDOU,ELLINIKA STO P AND F + CD,978-9-6001162-3-6,,,,,,,,,,,,,,
F19,MGRK 0100,S02,"Amanatidou, Elissave",4/1/2019,OXFORD,POCKET OXFORD GREEK DICTIONARY,978-0-19-860327-6,,,,,,,,,,,,,,
F19,MGRK 0300,S01,"Amanatidou, Elissave",4/1/2019,ARBANITAKES,COMMUNICATE IN GREEK:BOOK 2-W/CD,978-9-6084641-4-8,,,,,,,,,,,,,,
F19,MGRK 0300,S01,"Amanatidou, Elissave",4/1/2019,ARVANITAKES,COMMUNICATE IN GREEK 2A-WORKBOOK,978-9-6079142-3-1,,,,,,,,,,,,,,
F19,MGRK 0300,S01,"Amanatidou, Elissave",4/1/2019,ARVANITAKES,COMMUNICATE IN GREEK 2B-WORKBOOK,978-9-6079142-4-8,,,,,,,,,,,,,,
F19,MGRK 0500,S01,"Amanatidou, Elissave",4/1/2019,STAVROPOULOS,OXFORD ENGLISH-GREEK LEARNER'S DICT.,978-0-19-432567-7,,,,,,,,,,,,,,
F19,MGRK 0500,S01,"Amanatidou, Elissave",4/1/2019,STAVROPOULOS,OXFORD GREEK-ENGLISH LEARNER'S DICT.,978-0-19-432568-4,,,,,,,,,,,,,,
F19,MGRK 0500,S01,"Amanatidou, Elissave",4/1/2019,ARVANITAKIS,COMMUNICATE IN GREEK 3 EXERCISES,978-9-6084640-6-3,,,,,,,,,,,,,,
F19,MGRK 0500,S01,"Amanatidou, Elissave",4/1/2019,ARVANITAKES,COMMUNICATE IN GREEK 3 TEXT + CD,978-9-6079144-1-5,,,,,,,,,,,,,,
F19,MUSC 0400,S01,"Jiorle-Nagy, Linda",4/11/2019,SPENCER,PRACTICE OF HARMONY (LOOSELEAF),978-0-13-378520-3,,,,,,,,,,,,,,
F19,MUSC 0400,S02,,4/11/2019,SPENCER,PRACTICE OF HARMONY (LOOSELEAF),978-0-13-378520-3,,,,,,,,,,,,,,
F19,MUSC 0550,S01,"Steinbach, Mark F.",4/11/2019,BACH,101 CHORALES HARMONIZED,978-0-7692-4397-9,,,,,,,,,,,,,,
F19,MUSC 0550,S01,"Steinbach, Mark F.",4/11/2019,HALL,STUDYING RHYTHM,978-0-13-040602-6,,,,,,,,,,,,,,
F19,MUSC 0550,S01,"Steinbach, Mark F.",4/11/2019,EDLUND,MODUS VETUS,978-0-8464-4157-1,,,,,,,,,,,,,,
F19,MUSC 0550,S01,"Steinbach, Mark F.",4/11/2019,CLENDINNING,MUSICIANS GUIDE TO THEORY & ANALYSIS 3RD,978-0-393-57463-0,,,,,,,,,,,,,,
F19,MUSC 0550,S02,"Nathan, Eric T.",4/11/2019,BACH,101 CHORALES HARMONIZED,978-0-7692-4397-9,,,,,,,,,,,,,,
F19,MUSC 0550,S02,"Nathan, Eric T.",4/11/2019,HALL,STUDYING RHYTHM,978-0-13-040602-6,,,,,,,,,,,,,,
F19,MUSC 0550,S02,"Nathan, Eric T.",4/11/2019,EDLUND,MODUS VETUS,978-0-8464-4157-1,,,,,,,,,,,,,,
F19,MUSC 0550,S02,"Nathan, Eric T.",4/11/2019,CLENDINNING,MUSICIANS GUIDE TO THEORY & ANALYSIS 3RD,978-0-393-57463-0,,,,,,,,,,,,,,
F19,MUSC 1010,S01,"Cole, Arlene M.",4/11/2019,BRINGS,NEW APPROACH TO KEYBOARD HARMONY,978-0-393-95001-4,,,,,,,,,,,,,,
F19,MUSC 1010,S01,"Cole, Arlene M.",4/11/2019,EDLUND,MODUS NOVUS # NMS5936,978-9-1856620-8-1,,,,,,,,,,,,,,
F19,MUSC 1010,S01,"Cole, Arlene M.",4/11/2019,HINDEMITH,"ELEM.TRAINING F/MUSICIANS,REV",978-0-901938-16-9,,,,,,,,,,,,,,
F19,MUSC 2026,S01,"Dolan, Emily I",4/26/2019,EIDSHEIM,THE RACE OF SOUND,978-0-8223-6868-7,,,,,,,,,,,,,,
F19,NEUR 1030,S01,"Linden, Monica",4/10/2019,BEAR,NEUROSCIENCE:EXPLORING BRAIN-W/ACCESS,978-0-7817-7817-6,,,,,,,,,,,,,,
F19,NEUR 2050,S01,"Desrochers, Theresa",4/17/2019,HUETTEL,FUNCTIONAL MAGNETIC RESONANCE IMAGING,978-0-87893-627-4,,,,,,,,,,,,,,
F19,NEUR 2050,S01,"Desrochers, Theresa",4/17/2019,HUETTEL,FUNCTIONAL MAGNETIC RESONANCE IMAGING,978-1-6053541-7-0,,,,,,,,,,,,,,
F19,NEUR 2050,S01,"Desrochers, Theresa",4/17/2019,KANDEL,PRIN.OF NEURAL SCIENCE,978-0-07-139011-8,,,,,,,,,,,,,,
F19,NEUR 2050,S01,"Desrochers, Theresa",4/17/2019,KANDEL,"PRINCIPLES OF NEURAL SCIENCE, FIFTH EDI",978-0-07-181001-2,,,,,,,,,,,,,,
F19,PHIL 0030,S01,"Ackerman, Felicia Ni",4/11/2019,HOSPERS,INTRO.TO PHILOSOPHICAL ANALYSIS,978-0-13-266305-2,,,,,,,,,,,,,,
F19,PHIL 0540,S01,"Heck, Richard Kimber",4/11/2019,GOLDFARB,DEDUCTIVE LOGIC,978-0-87220-660-1,,,,,,,,,,,,,,
F19,PHIL 1400,S01,"Ackerman, Felicia Ni",4/11/2019,GORDON,FINAL PAYMENTS,978-0-307-27678-0,,,,,,,,,,,,,,
F19,PHIL 1400,S01,"Ackerman, Felicia Ni",4/11/2019,GAINES,LESSON BEFORE DYING,978-0-375-70270-9,,,,,,,,,,,,,,
F19,PHIL 1400,S01,"Ackerman, Felicia Ni",4/11/2019,GENOVA,STILL ALICE (MOVIE TIE-IN),978-1-5011064-2-2,,,,,,,,,,,,,,
F19,PHIL 1400,S01,"Ackerman, Felicia Ni",4/11/2019,LEE,SARAH PHILLIPS,978-1-5555315-8-4,,,,,,,,,,,,,,
,,,,,,,,,,,,,,,,,,,,,
,,,,,,,,,,,,,,,,,,,,,
,,,,,,,,,,,,,,,,,,,,,
,,,,,,,,,,,,,,,,,,,,,
,,,,,,,,,,,,,,,,,,,,,
,,,,,,,,,,,,,,,,,,,,,
F19,PHIL 1400,S01,"Ackerman, Felicia Ni",4/11/2019,MALORY,KING ARTHUR+HIS KNIGHTS,978-0-19-501905-6,,,,,,,,,,,,,,
F19,PHIL 1400,S01,"Ackerman, Felicia Ni",4/11/2019,ORWELL,NINETEEN EIGHTY-FOUR,978-0-451-52493-5,,,,,,,,,,,,,,
F19,PHIL 1400,S01,"Ackerman, Felicia Ni",4/11/2019,MEYERS,WIDOW OF WALL STREET,978-1-5011313-6-3,,,,,,,,,,,,,,
F19,PLCY 1702F,S01,"Arenberg, Richard A.",4/22/2019,VERONI,SPIN,978-1-7708931-7-7,,,,,,,,,,,,,,
F19,PLCY 1702F,S01,"Arenberg, Richard A.",4/22/2019,GROELING,WHEN POLITICIANS ATTACK,978-0-521-60307-2,,,,,,,,,,,,,,
F19,PLCY 1702F,S01,"Arenberg, Richard A.",4/22/2019,POSTMAN,AMUSING OURSELVES TO DEATH,978-0-14-303653-1,,,,,,,,,,,,,,
F19,PLCY 1702F,S01,"Arenberg, Richard A.",4/22/2019,SMITH,WRITING PUB.POLICY:PRAC.GDE...IN POLICY,978-0-19-085423-2,,,,,,,,,,,,,,
F19,PLCY 1702F,S01,"Arenberg, Richard A.",4/22/2019,SMITH,WRITING PUBLIC POLICY,978-0-19-085424-9,,,,,,,,,,,,,,
F19,POBS 1720,S01,"Smith, Sara W.",4/1/2019,LEMS,BUILDING LITERACY W/ENG.LANG.LEARNERS,978-1-4625315-9-2,,,,,,,,,,,,,,
F19,POBS 1750,S01,"Pacheco, Maria F.",3/28/2019,SHIN,BILINGUALISM IN SCHOOLS+SOCIETY,978-1-1386912-9-2,,,,,,,,,,,,,,
F19,POBS 1750,S01,"Pacheco, Maria F.",3/28/2019,NIETO,AFFIRMING DIVERSITY,978-0-13-404723-2,,,,,,,,,,,,,,
F19,POBS 2500G,S01,"Valente, Luiz Fernan",4/16/2019,ALENCAR,IRACEMA,978-8-5081459-6-6,,,,,,,,,,,,,,
F19,POBS 2500G,S01,"Valente, Luiz Fernan",4/16/2019,CAMINHA,BOM CRIOULO,978-8-5081619-8-0,,,,,,,,,,,,,,
F19,POBS 2500G,S01,"Valente, Luiz Fernan",4/18/2019,ALMEIDA,MEMORIAS DE UM SARGENTO DE MILLICIAS,978-8-5081459-7-3,,,,,,,,,,,,,,
F19,POBS 2500G,S01,"Valente, Luiz Fernan",4/18/2019,CALLADO,SEMPREVIVA,978-8-5209109-0-0,,,,,,,,,,,,,,
F19,POBS 2500G,S01,"Valente, Luiz Fernan",4/18/2019,ASSIS,ESAU E JACO,978-8-5081319-1-4,,,,,,,,,,,,,,
F19,POBS 2500G,S01,"Valente, Luiz Fernan",4/18/2019,ANDRADE,MACUNAIMA,978-8-5670972-4-4,,,,,,,,,,,,,,
F19,RELS 0110,S01,"Harvey, Susan Ashbro",4/12/2019,BIBLE,"HARPERCOLLINS STUDY BIBLE,NRSV-REV.+UPD",978-0-06-122840-7,,,,,,,,,,,,,,
F19,RELS 0110,S01,"Harvey, Susan Ashbro",4/12/2019,COAKLEY,NEW ASCETICISM,978-1-4411032-2-2,,,,,,,,,,,,,,
F19,RELS 0110,S01,"Harvey, Susan Ashbro",4/12/2019,CONE,CROSS+LYNCHING TREE,978-1-6269800-5-1,,,,,,,,,,,,,,
F19,RELS 0110,S01,"Harvey, Susan Ashbro",4/12/2019,DAY,LONG LONELINESS:AUTOBIOGRAPHY,978-0-06-061751-6,,,,,,,,,,,,,,
F19,RELS 0110,S01,"Harvey, Susan Ashbro",4/12/2019,FRANKIEL,CHRISTIANITY,978-1-5776676-4-3,,,,,,,,,,,,,,
F19,RELS 0110,S01,"Harvey, Susan Ashbro",4/12/2019,KING,STRENGTH TO LOVE,978-0-8006-9740-2,,,,,,,,,,,,,,
F19,RELS 0110,S01,"Harvey, Susan Ashbro",4/12/2019,LUTHER,CHRISTIAN LIBERTY,978-0-8006-0182-9,,,,,,,,,,,,,,
F19,RELS 0110,S01,"Harvey, Susan Ashbro",4/12/2019,NIEBUHR,MORAL MAN+IMMORAL SOCIETY,978-0-664-22474-5,,,,,,,,,,,,,,
F19,RELS 0110,S01,"Harvey, Susan Ashbro",4/12/2019,NORWICH,REVELATIONS OF DIVINE LOVE,978-0-14-044673-9,,,,,,,,,,,,,,
F19,RELS 0110,S01,"Harvey, Susan Ashbro",4/12/2019,ST.AUGUSTINE,CONFESSIONS  (37828),978-0-19-953782-2,,,,,,,,,,,,,,
F19,RELS 0110,S01,"Harvey, Susan Ashbro",4/17/2019,LUTHER,ON CHRISTIAN LIBERTY,978-0-8006-3607-4,,,,,,,,,,,,,,
F19,RELS 0505,S01,"Protass, Jason A",4/10/2019,GOCSIK,WRITING ABOUT MOVIES,978-0-393-66490-4,,,,,,,,,,,,,,
F19,RELS 0505,S01,"Protass, Jason A",4/10/2019,SUH,SILVER SCREEN BUDDHA,978-1-4411053-6-3,,,,,,,,,,,,,,
F19,RELS 0505,S01,"Protass, Jason A",4/10/2019,GREEN,BUDDHISM GOES TO THE MOVIES,978-0-415-84148-1,,,,,,,,,,,,,,
F19,RELS 0822,S01,"Barron, Charrise M",4/11/2019,ITON,IN SEARCH OF THE BLACK FANTASTIC,978-0-19-973360-6,,,,,,,,,,,,,,
F19,RELS 0822,S01,"Barron, Charrise M",4/11/2019,KEYES,RAP MUSIC+STREET CONSCIOUSNESS,978-0-252-07201-7,,,,,,,,,,,,,,
F19,RELS 0835,S01,"Khalek, Nancy",4/11/2019,GHANEABASSIRI,HISTORY OF ISLAM IN AMERICA,978-0-521-61487-0,,,,,,,,,,,,,,
F19,RELS 0835,S01,"Khalek, Nancy",4/11/2019,CURTIS,COLUMBIA SOURCEBOOK OF MUSLIMS IN U.S.,978-0-231-13957-1,,,,,,,,,,,,,,
F19,RELS 0835,S01,"Khalek, Nancy",4/11/2019,BAYOUMI,HOW DOES IT FEEL TO BE A PROBLEM?,978-0-14-311541-0,,,,,,,,,,,,,,
F19,RELS 0835,S01,"Khalek, Nancy",4/11/2019,FISCHBACH,BLACK POWER AND PALESTINE,978-1-5036073-8-5,,,,,,,,,,,,,,
F19,RELS 0835,S01,"Khalek, Nancy",4/11/2019,DAVIS,FREEDOM IS A CONSTANT STRUGGLE,978-1-6084656-4-4,,,,,,,,,,,,,,
F19,RELS 1105,S01,"Berman, Nathaniel A.",4/25/2019,SCHOLEM,ON THE KABBALAH+ITS SYMBOLISM,978-0-8052-1051-4,,,,,,,,,,,,,,
F19,RELS 1105,S01,"Berman, Nathaniel A.",4/25/2019,SCHOLEM,ON THE MYSTICAL SHAPE OF THE GODHEAD,978-0-8052-1081-1,,,,,,,,,,,,,,
F19,RELS 1105,S01,"Berman, Nathaniel A.",4/25/2019,GREEN,GUIDE TO THE ZOHAR,978-0-8047-4908-4,,,,,,,,,,,,,,
F19,RELS 1320,S01,"Wills, Larry",4/12/2019,BIBLE,"HARPERCOLLINS STUDY BIBLE,NRSV-REV.+UPD",978-0-06-122840-7,,,,,,,,,,,,,,
F19,RELS 1320,S01,"Wills, Larry",4/12/2019,WHITE,FROM JESUS TO CHRISTIANITY,978-0-06-081610-0,,,,,,,,,,,,,,
F19,RELS 1320,S01,"Wills, Larry",4/12/2019,KRAEMER,WOMEN+CHRISTIAN ORIGINS,978-0-19-510396-0,,,,,,,,,,,,,,
F19,RELS 1320,S01,"Wills, Larry",4/12/2019,WILLS,NOT GOD'S PEOPLE,978-0-7425-6250-9,,,,,,,,,,,,,,
F19,RELS 1320,S01,"Wills, Larry",4/12/2019,HANSON,PALESTINE IN TIME OF JESUS,978-0-8006-6309-4,,,,,,,,,,,,,,
F19,RELS 1320,S01,"Wills, Larry",4/12/2019,APULEIUS,GOLDEN ASS,978-0-300-19814-0,,,,,,,,,,,,,,
F19,RISD HPSS-S172-01,HPSS,DING,4/22/2019,MCNEILL,SOMETHING NEW UNDER THE SUN,978-0-393-32183-8,,,,,,,,,,,,,,
F19,RISD HPSS-S173-01,1 + 2,DING,4/22/2019,EBREY,MODERN EAST ASIA FROM 1600,978-1-1336064-9-9,,,,,,,,,,,,,,
F19,RISD HPSS-S173-01,1 + 2,DING,4/22/2019,DEMICK,NOTHING TO ENVY,978-0-385-52391-2,,,,,,,,,,,,,,
F19,RISD HPSS-S173-01,1 + 2,DING,4/22/2019,KURAMOTO,MANCHURIAN LEGACY,978-0-87013-725-9,,,,,,,,,,,,,,
F19,RISD HPSS-S173-01,1 + 2,DING,4/22/2019,ISHINOMORI,JAPAN INC.,978-0-520-06289-4,,,,,,,,,,,,,,
F19,RISD HPSS-S173-01,1 + 2,DING,4/22/2019,KIM,LOST NAMES (W/NEW PREFACE),978-0-520-26812-8,,,,,,,,,,,,,,
F19,RISD LAEL-1030-01/02,LAEL,GROVE,3/25/2019,DOYLE,HISTORY OF ILLUSTRATION,978-1-5013421-0-3,,,,,,,,,,,,,,
F19,RUSS 0100,S01,"deBenedette, Lynne",4/11/2019,DEBENEDETTE,CLASSROOM ACTIVITIES UNITS 1-5,978-1-6119501-6-8,,,,,,,,,,,,,,
F19,RUSS 0100,S01,"deBenedette, Lynne",4/11/2019,DEBENEDETTE,HOMEWORK ASSIGNMENTS UNITS 1-5,978-1-6119501-7-5,,,,,,,,,,,,,,
F19,RUSS 0100,S02,"deBenedette, Lynne",4/11/2019,DEBENEDETTE,CLASSROOM ACTIVITIES UNITS 1-5,978-1-6119501-6-8,,,,,,,,,,,,,,
F19,RUSS 0100,S02,"deBenedette, Lynne",4/11/2019,DEBENEDETTE,HOMEWORK ASSIGNMENTS UNITS 1-5,978-1-6119501-7-5,,,,,,,,,,,,,,
F19,RUSS 0100,S03,"deBenedette, Lynne",4/11/2019,DEBENEDETTE,CLASSROOM ACTIVITIES UNITS 1-5,978-1-6119501-6-8,,,,,,,,,,,,,,
F19,RUSS 0100,S03,"deBenedette, Lynne",4/11/2019,DEBENEDETTE,HOMEWORK ASSIGNMENTS UNITS 1-5,978-1-6119501-7-5,,,,,,,,,,,,,,
F19,RUSS 0300,S01,"deBenedette, Lynne",4/11/2019,DEBENEDETTE,CLASSROOM ACTIVITIES FOR MEZHDU NAMI,978-1-6119501-8-2,,,,,,,,,,,,,,
F19,RUSS 0300,S01,"deBenedette, Lynne",4/11/2019,COMER,HOMEWORK ACTIVITIES FOR MEZHDU NAMI,978-1-6119501-9-9,,,,,,,,,,,,,,
F19,RUSS 0300,S02,"deBenedette, Lynne",4/11/2019,COMER,HOMEWORK ACTIVITIES FOR MEZHDU NAMI,978-1-6119501-9-9,,,,,,,,,,,,,,
F19,RUSS 0300,S02,"deBenedette, Lynne",4/11/2019,DEBENEDETTE,CLASSROOM ACTIVITIES FOR MEZHDU NAMI,978-1-6119501-8-2,,,,,,,,,,,,,,
F19,RUSS 1550,S01,"Fenghi, Fabrizio",4/17/2019,MEDVEDEV,POST-SOVIET RUSSIA,978-0-231-10607-8,,,,,,,,,,,,,,
F19,RUSS 1550,S01,"Fenghi, Fabrizio",4/17/2019,YURCHAK,"EVERYTHING WAS FOREVER,UNTIL IT WAS...",978-0-691-12117-8,,,,,,,,,,,,,,
F19,RUSS 1550,S01,"Fenghi, Fabrizio",4/17/2019,HEMMENT,YOUTH POLITICS IN PUTIN'S RUSSIA,978-0-253-01779-6,,,,,,,,,,,,,,
F19,RUSS 1550,S01,"Fenghi, Fabrizio",4/17/2019,GESSEN,WORDS WILL BREAK CEMENT,978-1-5946321-9-8,,,,,,,,,,,,,,
F19,RUSS 1550,S01,"Fenghi, Fabrizio",4/17/2019,PELEVIN,HOMO ZAPIENS,978-0-14-200181-3,,,,,,,,,,,,,,
F19,RUSS 1550,S01,"Fenghi, Fabrizio",4/17/2019,SOROKIN,DAY OF THE OPRICHNIK,978-0-374-53310-6,,,,,,,,,,,,,,
F19,RUSS 1550,S01,"Fenghi, Fabrizio",4/17/2019,PRILEPIN,SANKYA,978-1-9386045-1-5,,,,,,,,,,,,,,
F19,RUSS 1550,S01,"Fenghi, Fabrizio",4/17/2019,ALEXIEVICH,UNWOMANLY FACE OF WAR,978-0-399-58874-7,,,,,,,,,,,,,,
F19,RUSS 1660,S01,"Fenghi, Fabrizio",4/17/2019,BABEL,RED CAVALRY,978-0-393-32423-5,,,,,,,,,,,,,,
F19,RUSS 1660,S01,"Fenghi, Fabrizio",4/17/2019,OLESHA,ENVY,978-1-5901708-6-1,,,,,,,,,,,,,,
F19,RUSS 1660,S01,"Fenghi, Fabrizio",4/17/2019,GLADKOV,CEMENT,978-0-8101-1160-8,,,,,,,,,,,,,,
F19,RUSS 1660,S01,"Fenghi, Fabrizio",4/17/2019,PLATONOV,HAPPY MOSCOW,978-1-5901758-5-9,,,,,,,,,,,,,,
F19,RUSS 1660,S01,"Fenghi, Fabrizio",4/17/2019,BARANSKAYA,WEEK LIKE ANY OTHER,978-0-931188-80-0,,,,,,,,,,,,,,
F19,RUSS 1660,S01,"Fenghi, Fabrizio",4/17/2019,TOLSTAIA,WHITE WALLS:COLLECTED STORIES,978-1-5901719-7-4,,,,,,,,,,,,,,
F19,RUSS 1660,S01,"Fenghi, Fabrizio",4/17/2019,ULITSKAYA,MEDEA+HER CHILDREN,978-0-8052-1144-3,,,,,,,,,,,,,,
F19,RUSS 0320E,S01,"Golstein, Vladimir",4/10/2019,AESCHYLUS,ORESTEIA,978-0-14-044333-2,,,,,,,,,,,,,,
F19,RUSS 0320E,S01,"Golstein, Vladimir",4/10/2019,DANTE,INFERNO OF DANTE,978-0-374-52452-4,,,,,,,,,,,,,,
F19,RUSS 0320E,S01,"Golstein, Vladimir",4/10/2019,SHAKESPEARE,MACBETH,978-1-9042714-1-3,,,,,,,,,,,,,,
,,,,,,,,,,,,,,,,,,,,,
,,,,,,,,,,,,,,,,,,,,,
,,,,,,,,,,,,,,,,,,,,,
,,,,,,,,,,,,,,,,,,,,,
,,,,,,,,,,,,,,,,,,,,,
,,,,,,,,,,,,,,,,,,,,,
F19,TAPS 0230,S01,"Moore, Kym",4/10/2019,MOORE,"STANISLAVSKI SYSTEM,REV.",978-0-14-046660-7,,,,,,,,,,,,,,
F19,TAPS 0230,S02,"dAngelo, Sarah",4/10/2019,RODENBURG,SECOND CIRCLE,978-0-393-35447-8,,,,,,,,,,,,,,
F19,TAPS 0230,S02,"dAngelo, Sarah",4/10/2019,CALDARONE,ACTIONS:ACTORS' THESAURUS,978-0-89676-252-7,,,,,,,,,,,,,,
F19,TAPS 0230,S02,"dAngelo, Sarah",4/10/2019,BALL,BACKWARDS+FORWARDS,978-0-8093-1110-1,,,,,,,,,,,,,,
F19,TAPS 0230,S02,"dAngelo, Sarah",4/10/2019,MOORE,"STANISLAVSKI SYSTEM,REV.",978-0-14-046660-7,,,,,,,,,,,,,,
F19,TAPS 1230,S01,"Schneider, Rebecca",4/10/2019,ARISTOPHANES,THREE PLAYS BY ARISTOPHANES:STAG.WOMEN,978-0-415-87131-0,,,,,,,,,,,,,,
F19,TAPS 1230,S01,"Schneider, Rebecca",4/10/2019,HALLIWELL,POETICS OF ARISTOTLE,978-0-8078-4203-4,,,,,,,,,,,,,,
F19,TAPS 1230,S01,"Schneider, Rebecca",4/10/2019,BARBA,DICTIONARY OF THEATRE ANTHROPOLOGY (PB),978-0-415-37861-1,,,,,,,,,,,,,,
F19,TAPS 1230,S01,"Schneider, Rebecca",4/10/2019,CONNERTON,HOW SOCIETIES REMEMBER,978-0-521-27093-9,,,,,,,,,,,,,,
F19,TAPS 1230,S01,"Schneider, Rebecca",4/10/2019,CORRIGAN,CLASSICAL TRAGEDY:GREEK+ROMAN,978-1-5578304-6-3,,,,,,,,,,,,,,
F19,TAPS 1230,S01,"Schneider, Rebecca",4/10/2019,DEAN,INKA BODIES+THE BODY OF CHRIST,978-0-8223-2367-9,,,,,,,,,,,,,,
F19,TAPS 1230,S01,"Schneider, Rebecca",4/10/2019,DREWAL,YORUBA RITUAL,978-0-253-20684-8,,,,,,,,,,,,,,
F19,TAPS 1230,S01,"Schneider, Rebecca",4/10/2019,GASSNER,MEDIEVAL+TUDOR DRAMA,978-0-936839-84-4,,,,,,,,,,,,,,
F19,TAPS 1230,S01,"Schneider, Rebecca",4/10/2019,MILLER,THEATRE OF MEMORY,978-0-231-05839-1,,,,,,,,,,,,,,
F19,TAPS 1230,S01,"Schneider, Rebecca",4/10/2019,PARKS,AMERICA PLAY+OTHER WORKS,978-1-5593609-2-0,,,,,,,,,,,,,,
F19,TAPS 1230,S01,"Schneider, Rebecca",4/10/2019,WILES,GREEK THEATRE PERFORMANCE,978-0-521-64857-8,,,,,,,,,,,,,,
F19,TAPS 1230,S01,"Schneider, Rebecca",4/10/2019,SHAKESPEARE,TEMPEST  (NEWLY REV.ED.),978-0-451-52712-7,,,,,,,,,,,,,,
F19,TAPS 1230,S01,"Schneider, Rebecca",4/10/2019,SOYINKA,DEATH+THE KING'S HORSEMAN (CRITICAL ED),978-0-393-97761-5,,,,,,,,,,,,,,
F19,TAPS 1510,S01,"Golub, Spencer",4/11/2019,SHAKESPEARE,HAMLET >BLUE COVER< W/PAGES 281-312,978-0-7434-7712-3,,,,,,,,,,,,,,
F19,TAPS 1510,S01,"Golub, Spencer",4/11/2019,MULLER,HAMLETMACHINE+OTHER TEXTS F/STAGE,978-0-933826-45-8,,,,,,,,,,,,,,
F19,TAPS 1510,S01,"Golub, Spencer",4/11/2019,PINTER,OLD TIMES,978-0-8021-5029-5,,,,,,,,,,,,,,
F19,TAPS 1510,S01,"Golub, Spencer",4/11/2019,ROBBE-GRILLET,SNAPSHOTS,978-0-8101-1328-2,,,,,,,,,,,,,,
F19,TAPS 1510,S01,"Golub, Spencer",4/11/2019,BORGES,LABYRINTHS,978-0-8112-1699-9,,,,,,,,,,,,,,
F19,TAPS 1281F,S01,"Skybetter, Sydney A.",4/23/2019,BANES,TERPSICHORE IN SNEAKERS,978-0-8195-6160-2,,,,,,,,,,,,,,
F19,TAPS 1281F,S01,"Skybetter, Sydney A.",4/23/2019,FOSTER,CHOREOGRAPHING EMPATHY,978-0-415-59656-5,,,,,,,,,,,,,,
F19,TAPS 1281F,S01,"Skybetter, Sydney A.",4/23/2019,FOSTER,CHOREOGRAPHING EMPATHY,978-1-1368934-4-5,,,,,,,,,,,,,,
F19,TAPS 1281F,S01,"Skybetter, Sydney A.",4/23/2019,FOSTER,READING DANCING:BODIES+SUBJECTS...,978-0-520-06333-4,,,,,,,,,,,,,,
F19,TAPS 1281F,S01,"Skybetter, Sydney A.",4/23/2019,HORST,PRE-CLASSIC DANCE FORMS,978-1-2583801-1-3,,,,,,,,,,,,,,
F19,TAPS 1281F,S01,"Skybetter, Sydney A.",4/23/2019,LERMAN,CRITICAL RESPONSE PROCESS,978-0-9727385-0-7,,,,,,,,,,,,,,
F19,URBN 1250,S01,"Pacewicz, Jan Mateus",4/11/2019,DAVIS,MANAGED BY THE MARKETS,978-0-19-969192-0,,,,,,,,,,,,,,
F19,URBN 1250,S01,"Pacewicz, Jan Mateus",4/11/2019,FOX,THREE WORLDS OF RELIEF,978-0-691-15224-0,,,,,,,,,,,,,,
F19,URBN 1250,S01,"Pacewicz, Jan Mateus",4/11/2019,PRASAD,LAND OF TOO MUCH,978-0-674-06652-6,,,,,,,,,,,,,,
F19,URBN 1250,S01,"Pacewicz, Jan Mateus",4/11/2019,SHAPIRO,TOXIC INEQUALITY,978-0-465-04693-5,,,,,,,,,,,,,,
F19,URBN 1260,S01,"Bull, Marijoan",4/16/2019,BULL,HOUSING IN AMERICA,978-1-1382336-4-5,,,,,,,,,,,,,,
